source name	characteristics[organism]	characteristics[organism part]	characteristics[ancestry category]	characteristics[age]	characteristics[sex]	characteristics[disease]	characteristics[cell type]	characteristics[developmental stage]	characteristics[individual]	characteristics[biological replicate]	assay name	comment[file uri]	comment[fraction identifier]	comment[label]	comment[cleavage agent details]	comment[fractionation method]	comment[instrument]	comment[separation]	comment[modification parameters]	comment[modification parameters]	comment[modification parameters]	comment[modification parameters]	comment[modification parameters]	comment[modification parameters]	comment[dissociation method]	comment[precursor mass tolerance]	comment[fragment mass tolerance]	comment[data file]	Material Type	factor value[organism part]
PXD004452-Sample-10	Homo sapiens	colon	not available	not available	not available	not available	not applicable	not available	not available	not applicable	run 348	ftp://ftp.pride.ebi.ac.uk/pride/data/archive/2017/06/PXD004452/20151008_QE5_UPLC10_DBJ_SA_COLON_human_46frac_1.raw	1	AC=MS:1002038;NT=label free sample	NT=Trypsin;AC=MS:1001251	AC=PRIDE:0000564; NT=High-pH reversed-phase chromatography	NT=Q Exactive;AC=MS:1001911	NT=High-pH reversed-phase chromatography;AC=PRIDE:0000564	NT=Carbamidomethyl;TA=C;AC=UNIMOD:4;MT=fixed	NT=Oxidation;MT=Variable;TA=M;AC=UNIMOD:35	NT=Acetyl;AC=UNIMOD:1;PP=Protein N-term;MT=Variable	NT=Gln->pyro-Glu;TA=E;AC=UNIMOD:27;PP=Any N-term;MT=variable	NT=Gln->pyro-Glu;TA=Q;AC=UNIMOD:28;PP=Any N-term;MT=variable	"NT=Phospho;MT=Variable;TA=S,T,Y;AC=UNIMOD:21"	AC=MS:1000422;NT=HCD	20 ppm	6 ppm	20151008_QE5_UPLC10_DBJ_SA_COLON_human_46frac_1.raw	tissue	colon
PXD004452-Sample-10	Homo sapiens	colon	not available	not available	not available	not available	not applicable	not available	not available	not applicable	run 349	ftp://ftp.pride.ebi.ac.uk/pride/data/archive/2017/06/PXD004452/20151008_QE5_UPLC10_DBJ_SA_COLON_human_46frac_2.raw	2	AC=MS:1002038;NT=label free sample	NT=Trypsin;AC=MS:1001251	AC=PRIDE:0000564; NT=High-pH reversed-phase chromatography	NT=Q Exactive;AC=MS:1001911	NT=High-pH reversed-phase chromatography;AC=PRIDE:0000564	NT=Carbamidomethyl;TA=C;AC=UNIMOD:4;MT=fixed	NT=Oxidation;MT=Variable;TA=M;AC=UNIMOD:35	NT=Acetyl;AC=UNIMOD:1;PP=Protein N-term;MT=Variable	NT=Gln->pyro-Glu;TA=E;AC=UNIMOD:27;PP=Any N-term;MT=variable	NT=Gln->pyro-Glu;TA=Q;AC=UNIMOD:28;PP=Any N-term;MT=variable	"NT=Phospho;MT=Variable;TA=S,T,Y;AC=UNIMOD:21"	AC=MS:1000422;NT=HCD	20 ppm	6 ppm	20151008_QE5_UPLC10_DBJ_SA_COLON_human_46frac_2.raw	tissue	colon
PXD004452-Sample-10	Homo sapiens	colon	not available	not available	not available	not available	not applicable	not available	not available	not applicable	run 350	ftp://ftp.pride.ebi.ac.uk/pride/data/archive/2017/06/PXD004452/20151008_QE5_UPLC10_DBJ_SA_COLON_human_46frac_3.raw	3	AC=MS:1002038;NT=label free sample	NT=Trypsin;AC=MS:1001251	AC=PRIDE:0000564; NT=High-pH reversed-phase chromatography	NT=Q Exactive;AC=MS:1001911	NT=High-pH reversed-phase chromatography;AC=PRIDE:0000564	NT=Carbamidomethyl;TA=C;AC=UNIMOD:4;MT=fixed	NT=Oxidation;MT=Variable;TA=M;AC=UNIMOD:35	NT=Acetyl;AC=UNIMOD:1;PP=Protein N-term;MT=Variable	NT=Gln->pyro-Glu;TA=E;AC=UNIMOD:27;PP=Any N-term;MT=variable	NT=Gln->pyro-Glu;TA=Q;AC=UNIMOD:28;PP=Any N-term;MT=variable	"NT=Phospho;MT=Variable;TA=S,T,Y;AC=UNIMOD:21"	AC=MS:1000422;NT=HCD	20 ppm	6 ppm	20151008_QE5_UPLC10_DBJ_SA_COLON_human_46frac_3.raw	tissue	colon
PXD004452-Sample-10	Homo sapiens	colon	not available	not available	not available	not available	not applicable	not available	not available	not applicable	run 351	ftp://ftp.pride.ebi.ac.uk/pride/data/archive/2017/06/PXD004452/20151008_QE5_UPLC10_DBJ_SA_COLON_human_46frac_4.raw	4	AC=MS:1002038;NT=label free sample	NT=Trypsin;AC=MS:1001251	AC=PRIDE:0000564; NT=High-pH reversed-phase chromatography	NT=Q Exactive;AC=MS:1001911	NT=High-pH reversed-phase chromatography;AC=PRIDE:0000564	NT=Carbamidomethyl;TA=C;AC=UNIMOD:4;MT=fixed	NT=Oxidation;MT=Variable;TA=M;AC=UNIMOD:35	NT=Acetyl;AC=UNIMOD:1;PP=Protein N-term;MT=Variable	NT=Gln->pyro-Glu;TA=E;AC=UNIMOD:27;PP=Any N-term;MT=variable	NT=Gln->pyro-Glu;TA=Q;AC=UNIMOD:28;PP=Any N-term;MT=variable	"NT=Phospho;MT=Variable;TA=S,T,Y;AC=UNIMOD:21"	AC=MS:1000422;NT=HCD	20 ppm	6 ppm	20151008_QE5_UPLC10_DBJ_SA_COLON_human_46frac_4.raw	tissue	colon
PXD004452-Sample-10	Homo sapiens	colon	not available	not available	not available	not available	not applicable	not available	not available	not applicable	run 352	ftp://ftp.pride.ebi.ac.uk/pride/data/archive/2017/06/PXD004452/20151008_QE5_UPLC10_DBJ_SA_COLON_human_46frac_5.raw	5	AC=MS:1002038;NT=label free sample	NT=Trypsin;AC=MS:1001251	AC=PRIDE:0000564; NT=High-pH reversed-phase chromatography	NT=Q Exactive;AC=MS:1001911	NT=High-pH reversed-phase chromatography;AC=PRIDE:0000564	NT=Carbamidomethyl;TA=C;AC=UNIMOD:4;MT=fixed	NT=Oxidation;MT=Variable;TA=M;AC=UNIMOD:35	NT=Acetyl;AC=UNIMOD:1;PP=Protein N-term;MT=Variable	NT=Gln->pyro-Glu;TA=E;AC=UNIMOD:27;PP=Any N-term;MT=variable	NT=Gln->pyro-Glu;TA=Q;AC=UNIMOD:28;PP=Any N-term;MT=variable	"NT=Phospho;MT=Variable;TA=S,T,Y;AC=UNIMOD:21"	AC=MS:1000422;NT=HCD	20 ppm	6 ppm	20151008_QE5_UPLC10_DBJ_SA_COLON_human_46frac_5.raw	tissue	colon
PXD004452-Sample-10	Homo sapiens	colon	not available	not available	not available	not available	not applicable	not available	not available	not applicable	run 353	ftp://ftp.pride.ebi.ac.uk/pride/data/archive/2017/06/PXD004452/20151008_QE5_UPLC10_DBJ_SA_COLON_human_46frac_6.raw	6	AC=MS:1002038;NT=label free sample	NT=Trypsin;AC=MS:1001251	AC=PRIDE:0000564; NT=High-pH reversed-phase chromatography	NT=Q Exactive;AC=MS:1001911	NT=High-pH reversed-phase chromatography;AC=PRIDE:0000564	NT=Carbamidomethyl;TA=C;AC=UNIMOD:4;MT=fixed	NT=Oxidation;MT=Variable;TA=M;AC=UNIMOD:35	NT=Acetyl;AC=UNIMOD:1;PP=Protein N-term;MT=Variable	NT=Gln->pyro-Glu;TA=E;AC=UNIMOD:27;PP=Any N-term;MT=variable	NT=Gln->pyro-Glu;TA=Q;AC=UNIMOD:28;PP=Any N-term;MT=variable	"NT=Phospho;MT=Variable;TA=S,T,Y;AC=UNIMOD:21"	AC=MS:1000422;NT=HCD	20 ppm	6 ppm	20151008_QE5_UPLC10_DBJ_SA_COLON_human_46frac_6.raw	tissue	colon
PXD004452-Sample-10	Homo sapiens	colon	not available	not available	not available	not available	not applicable	not available	not available	not applicable	run 354	ftp://ftp.pride.ebi.ac.uk/pride/data/archive/2017/06/PXD004452/20151008_QE5_UPLC10_DBJ_SA_COLON_human_46frac_7.raw	7	AC=MS:1002038;NT=label free sample	NT=Trypsin;AC=MS:1001251	AC=PRIDE:0000564; NT=High-pH reversed-phase chromatography	NT=Q Exactive;AC=MS:1001911	NT=High-pH reversed-phase chromatography;AC=PRIDE:0000564	NT=Carbamidomethyl;TA=C;AC=UNIMOD:4;MT=fixed	NT=Oxidation;MT=Variable;TA=M;AC=UNIMOD:35	NT=Acetyl;AC=UNIMOD:1;PP=Protein N-term;MT=Variable	NT=Gln->pyro-Glu;TA=E;AC=UNIMOD:27;PP=Any N-term;MT=variable	NT=Gln->pyro-Glu;TA=Q;AC=UNIMOD:28;PP=Any N-term;MT=variable	"NT=Phospho;MT=Variable;TA=S,T,Y;AC=UNIMOD:21"	AC=MS:1000422;NT=HCD	20 ppm	6 ppm	20151008_QE5_UPLC10_DBJ_SA_COLON_human_46frac_7.raw	tissue	colon
PXD004452-Sample-10	Homo sapiens	colon	not available	not available	not available	not available	not applicable	not available	not available	not applicable	run 355	ftp://ftp.pride.ebi.ac.uk/pride/data/archive/2017/06/PXD004452/20151008_QE5_UPLC10_DBJ_SA_COLON_human_46frac_8.raw	8	AC=MS:1002038;NT=label free sample	NT=Trypsin;AC=MS:1001251	AC=PRIDE:0000564; NT=High-pH reversed-phase chromatography	NT=Q Exactive;AC=MS:1001911	NT=High-pH reversed-phase chromatography;AC=PRIDE:0000564	NT=Carbamidomethyl;TA=C;AC=UNIMOD:4;MT=fixed	NT=Oxidation;MT=Variable;TA=M;AC=UNIMOD:35	NT=Acetyl;AC=UNIMOD:1;PP=Protein N-term;MT=Variable	NT=Gln->pyro-Glu;TA=E;AC=UNIMOD:27;PP=Any N-term;MT=variable	NT=Gln->pyro-Glu;TA=Q;AC=UNIMOD:28;PP=Any N-term;MT=variable	"NT=Phospho;MT=Variable;TA=S,T,Y;AC=UNIMOD:21"	AC=MS:1000422;NT=HCD	20 ppm	6 ppm	20151008_QE5_UPLC10_DBJ_SA_COLON_human_46frac_8.raw	tissue	colon
PXD004452-Sample-10	Homo sapiens	colon	not available	not available	not available	not available	not applicable	not available	not available	not applicable	run 356	ftp://ftp.pride.ebi.ac.uk/pride/data/archive/2017/06/PXD004452/20151008_QE5_UPLC10_DBJ_SA_COLON_human_46frac_9.raw	9	AC=MS:1002038;NT=label free sample	NT=Trypsin;AC=MS:1001251	AC=PRIDE:0000564; NT=High-pH reversed-phase chromatography	NT=Q Exactive;AC=MS:1001911	NT=High-pH reversed-phase chromatography;AC=PRIDE:0000564	NT=Carbamidomethyl;TA=C;AC=UNIMOD:4;MT=fixed	NT=Oxidation;MT=Variable;TA=M;AC=UNIMOD:35	NT=Acetyl;AC=UNIMOD:1;PP=Protein N-term;MT=Variable	NT=Gln->pyro-Glu;TA=E;AC=UNIMOD:27;PP=Any N-term;MT=variable	NT=Gln->pyro-Glu;TA=Q;AC=UNIMOD:28;PP=Any N-term;MT=variable	"NT=Phospho;MT=Variable;TA=S,T,Y;AC=UNIMOD:21"	AC=MS:1000422;NT=HCD	20 ppm	6 ppm	20151008_QE5_UPLC10_DBJ_SA_COLON_human_46frac_9.raw	tissue	colon
PXD004452-Sample-10	Homo sapiens	colon	not available	not available	not available	not available	not applicable	not available	not available	not applicable	run 357	ftp://ftp.pride.ebi.ac.uk/pride/data/archive/2017/06/PXD004452/20151008_QE5_UPLC10_DBJ_SA_COLON_human_46frac_10.raw	10	AC=MS:1002038;NT=label free sample	NT=Trypsin;AC=MS:1001251	AC=PRIDE:0000564; NT=High-pH reversed-phase chromatography	NT=Q Exactive;AC=MS:1001911	NT=High-pH reversed-phase chromatography;AC=PRIDE:0000564	NT=Carbamidomethyl;TA=C;AC=UNIMOD:4;MT=fixed	NT=Oxidation;MT=Variable;TA=M;AC=UNIMOD:35	NT=Acetyl;AC=UNIMOD:1;PP=Protein N-term;MT=Variable	NT=Gln->pyro-Glu;TA=E;AC=UNIMOD:27;PP=Any N-term;MT=variable	NT=Gln->pyro-Glu;TA=Q;AC=UNIMOD:28;PP=Any N-term;MT=variable	"NT=Phospho;MT=Variable;TA=S,T,Y;AC=UNIMOD:21"	AC=MS:1000422;NT=HCD	20 ppm	6 ppm	20151008_QE5_UPLC10_DBJ_SA_COLON_human_46frac_10.raw	tissue	colon
PXD004452-Sample-10	Homo sapiens	colon	not available	not available	not available	not available	not applicable	not available	not available	not applicable	run 358	ftp://ftp.pride.ebi.ac.uk/pride/data/archive/2017/06/PXD004452/20151008_QE5_UPLC10_DBJ_SA_COLON_human_46frac_11.raw	11	AC=MS:1002038;NT=label free sample	NT=Trypsin;AC=MS:1001251	AC=PRIDE:0000564; NT=High-pH reversed-phase chromatography	NT=Q Exactive;AC=MS:1001911	NT=High-pH reversed-phase chromatography;AC=PRIDE:0000564	NT=Carbamidomethyl;TA=C;AC=UNIMOD:4;MT=fixed	NT=Oxidation;MT=Variable;TA=M;AC=UNIMOD:35	NT=Acetyl;AC=UNIMOD:1;PP=Protein N-term;MT=Variable	NT=Gln->pyro-Glu;TA=E;AC=UNIMOD:27;PP=Any N-term;MT=variable	NT=Gln->pyro-Glu;TA=Q;AC=UNIMOD:28;PP=Any N-term;MT=variable	"NT=Phospho;MT=Variable;TA=S,T,Y;AC=UNIMOD:21"	AC=MS:1000422;NT=HCD	20 ppm	6 ppm	20151008_QE5_UPLC10_DBJ_SA_COLON_human_46frac_11.raw	tissue	colon
PXD004452-Sample-10	Homo sapiens	colon	not available	not available	not available	not available	not applicable	not available	not available	not applicable	run 359	ftp://ftp.pride.ebi.ac.uk/pride/data/archive/2017/06/PXD004452/20151008_QE5_UPLC10_DBJ_SA_COLON_human_46frac_12.raw	12	AC=MS:1002038;NT=label free sample	NT=Trypsin;AC=MS:1001251	AC=PRIDE:0000564; NT=High-pH reversed-phase chromatography	NT=Q Exactive;AC=MS:1001911	NT=High-pH reversed-phase chromatography;AC=PRIDE:0000564	NT=Carbamidomethyl;TA=C;AC=UNIMOD:4;MT=fixed	NT=Oxidation;MT=Variable;TA=M;AC=UNIMOD:35	NT=Acetyl;AC=UNIMOD:1;PP=Protein N-term;MT=Variable	NT=Gln->pyro-Glu;TA=E;AC=UNIMOD:27;PP=Any N-term;MT=variable	NT=Gln->pyro-Glu;TA=Q;AC=UNIMOD:28;PP=Any N-term;MT=variable	"NT=Phospho;MT=Variable;TA=S,T,Y;AC=UNIMOD:21"	AC=MS:1000422;NT=HCD	20 ppm	6 ppm	20151008_QE5_UPLC10_DBJ_SA_COLON_human_46frac_12.raw	tissue	colon
PXD004452-Sample-10	Homo sapiens	colon	not available	not available	not available	not available	not applicable	not available	not available	not applicable	run 360	ftp://ftp.pride.ebi.ac.uk/pride/data/archive/2017/06/PXD004452/20151008_QE5_UPLC10_DBJ_SA_COLON_human_46frac_13.raw	13	AC=MS:1002038;NT=label free sample	NT=Trypsin;AC=MS:1001251	AC=PRIDE:0000564; NT=High-pH reversed-phase chromatography	NT=Q Exactive;AC=MS:1001911	NT=High-pH reversed-phase chromatography;AC=PRIDE:0000564	NT=Carbamidomethyl;TA=C;AC=UNIMOD:4;MT=fixed	NT=Oxidation;MT=Variable;TA=M;AC=UNIMOD:35	NT=Acetyl;AC=UNIMOD:1;PP=Protein N-term;MT=Variable	NT=Gln->pyro-Glu;TA=E;AC=UNIMOD:27;PP=Any N-term;MT=variable	NT=Gln->pyro-Glu;TA=Q;AC=UNIMOD:28;PP=Any N-term;MT=variable	"NT=Phospho;MT=Variable;TA=S,T,Y;AC=UNIMOD:21"	AC=MS:1000422;NT=HCD	20 ppm	6 ppm	20151008_QE5_UPLC10_DBJ_SA_COLON_human_46frac_13.raw	tissue	colon
PXD004452-Sample-10	Homo sapiens	colon	not available	not available	not available	not available	not applicable	not available	not available	not applicable	run 361	ftp://ftp.pride.ebi.ac.uk/pride/data/archive/2017/06/PXD004452/20151008_QE5_UPLC10_DBJ_SA_COLON_human_46frac_14.raw	14	AC=MS:1002038;NT=label free sample	NT=Trypsin;AC=MS:1001251	AC=PRIDE:0000564; NT=High-pH reversed-phase chromatography	NT=Q Exactive;AC=MS:1001911	NT=High-pH reversed-phase chromatography;AC=PRIDE:0000564	NT=Carbamidomethyl;TA=C;AC=UNIMOD:4;MT=fixed	NT=Oxidation;MT=Variable;TA=M;AC=UNIMOD:35	NT=Acetyl;AC=UNIMOD:1;PP=Protein N-term;MT=Variable	NT=Gln->pyro-Glu;TA=E;AC=UNIMOD:27;PP=Any N-term;MT=variable	NT=Gln->pyro-Glu;TA=Q;AC=UNIMOD:28;PP=Any N-term;MT=variable	"NT=Phospho;MT=Variable;TA=S,T,Y;AC=UNIMOD:21"	AC=MS:1000422;NT=HCD	20 ppm	6 ppm	20151008_QE5_UPLC10_DBJ_SA_COLON_human_46frac_14.raw	tissue	colon
PXD004452-Sample-10	Homo sapiens	colon	not available	not available	not available	not available	not applicable	not available	not available	not applicable	run 362	ftp://ftp.pride.ebi.ac.uk/pride/data/archive/2017/06/PXD004452/20151008_QE5_UPLC10_DBJ_SA_COLON_human_46frac_15.raw	15	AC=MS:1002038;NT=label free sample	NT=Trypsin;AC=MS:1001251	AC=PRIDE:0000564; NT=High-pH reversed-phase chromatography	NT=Q Exactive;AC=MS:1001911	NT=High-pH reversed-phase chromatography;AC=PRIDE:0000564	NT=Carbamidomethyl;TA=C;AC=UNIMOD:4;MT=fixed	NT=Oxidation;MT=Variable;TA=M;AC=UNIMOD:35	NT=Acetyl;AC=UNIMOD:1;PP=Protein N-term;MT=Variable	NT=Gln->pyro-Glu;TA=E;AC=UNIMOD:27;PP=Any N-term;MT=variable	NT=Gln->pyro-Glu;TA=Q;AC=UNIMOD:28;PP=Any N-term;MT=variable	"NT=Phospho;MT=Variable;TA=S,T,Y;AC=UNIMOD:21"	AC=MS:1000422;NT=HCD	20 ppm	6 ppm	20151008_QE5_UPLC10_DBJ_SA_COLON_human_46frac_15.raw	tissue	colon
PXD004452-Sample-10	Homo sapiens	colon	not available	not available	not available	not available	not applicable	not available	not available	not applicable	run 363	ftp://ftp.pride.ebi.ac.uk/pride/data/archive/2017/06/PXD004452/20151008_QE5_UPLC10_DBJ_SA_COLON_human_46frac_16.raw	16	AC=MS:1002038;NT=label free sample	NT=Trypsin;AC=MS:1001251	AC=PRIDE:0000564; NT=High-pH reversed-phase chromatography	NT=Q Exactive;AC=MS:1001911	NT=High-pH reversed-phase chromatography;AC=PRIDE:0000564	NT=Carbamidomethyl;TA=C;AC=UNIMOD:4;MT=fixed	NT=Oxidation;MT=Variable;TA=M;AC=UNIMOD:35	NT=Acetyl;AC=UNIMOD:1;PP=Protein N-term;MT=Variable	NT=Gln->pyro-Glu;TA=E;AC=UNIMOD:27;PP=Any N-term;MT=variable	NT=Gln->pyro-Glu;TA=Q;AC=UNIMOD:28;PP=Any N-term;MT=variable	"NT=Phospho;MT=Variable;TA=S,T,Y;AC=UNIMOD:21"	AC=MS:1000422;NT=HCD	20 ppm	6 ppm	20151008_QE5_UPLC10_DBJ_SA_COLON_human_46frac_16.raw	tissue	colon
PXD004452-Sample-10	Homo sapiens	colon	not available	not available	not available	not available	not applicable	not available	not available	not applicable	run 364	ftp://ftp.pride.ebi.ac.uk/pride/data/archive/2017/06/PXD004452/20151008_QE5_UPLC10_DBJ_SA_COLON_human_46frac_17.raw	17	AC=MS:1002038;NT=label free sample	NT=Trypsin;AC=MS:1001251	AC=PRIDE:0000564; NT=High-pH reversed-phase chromatography	NT=Q Exactive;AC=MS:1001911	NT=High-pH reversed-phase chromatography;AC=PRIDE:0000564	NT=Carbamidomethyl;TA=C;AC=UNIMOD:4;MT=fixed	NT=Oxidation;MT=Variable;TA=M;AC=UNIMOD:35	NT=Acetyl;AC=UNIMOD:1;PP=Protein N-term;MT=Variable	NT=Gln->pyro-Glu;TA=E;AC=UNIMOD:27;PP=Any N-term;MT=variable	NT=Gln->pyro-Glu;TA=Q;AC=UNIMOD:28;PP=Any N-term;MT=variable	"NT=Phospho;MT=Variable;TA=S,T,Y;AC=UNIMOD:21"	AC=MS:1000422;NT=HCD	20 ppm	6 ppm	20151008_QE5_UPLC10_DBJ_SA_COLON_human_46frac_17.raw	tissue	colon
PXD004452-Sample-10	Homo sapiens	colon	not available	not available	not available	not available	not applicable	not available	not available	not applicable	run 365	ftp://ftp.pride.ebi.ac.uk/pride/data/archive/2017/06/PXD004452/20151008_QE5_UPLC10_DBJ_SA_COLON_human_46frac_18.raw	18	AC=MS:1002038;NT=label free sample	NT=Trypsin;AC=MS:1001251	AC=PRIDE:0000564; NT=High-pH reversed-phase chromatography	NT=Q Exactive;AC=MS:1001911	NT=High-pH reversed-phase chromatography;AC=PRIDE:0000564	NT=Carbamidomethyl;TA=C;AC=UNIMOD:4;MT=fixed	NT=Oxidation;MT=Variable;TA=M;AC=UNIMOD:35	NT=Acetyl;AC=UNIMOD:1;PP=Protein N-term;MT=Variable	NT=Gln->pyro-Glu;TA=E;AC=UNIMOD:27;PP=Any N-term;MT=variable	NT=Gln->pyro-Glu;TA=Q;AC=UNIMOD:28;PP=Any N-term;MT=variable	"NT=Phospho;MT=Variable;TA=S,T,Y;AC=UNIMOD:21"	AC=MS:1000422;NT=HCD	20 ppm	6 ppm	20151008_QE5_UPLC10_DBJ_SA_COLON_human_46frac_18.raw	tissue	colon
PXD004452-Sample-10	Homo sapiens	colon	not available	not available	not available	not available	not applicable	not available	not available	not applicable	run 366	ftp://ftp.pride.ebi.ac.uk/pride/data/archive/2017/06/PXD004452/20151008_QE5_UPLC10_DBJ_SA_COLON_human_46frac_19.raw	19	AC=MS:1002038;NT=label free sample	NT=Trypsin;AC=MS:1001251	AC=PRIDE:0000564; NT=High-pH reversed-phase chromatography	NT=Q Exactive;AC=MS:1001911	NT=High-pH reversed-phase chromatography;AC=PRIDE:0000564	NT=Carbamidomethyl;TA=C;AC=UNIMOD:4;MT=fixed	NT=Oxidation;MT=Variable;TA=M;AC=UNIMOD:35	NT=Acetyl;AC=UNIMOD:1;PP=Protein N-term;MT=Variable	NT=Gln->pyro-Glu;TA=E;AC=UNIMOD:27;PP=Any N-term;MT=variable	NT=Gln->pyro-Glu;TA=Q;AC=UNIMOD:28;PP=Any N-term;MT=variable	"NT=Phospho;MT=Variable;TA=S,T,Y;AC=UNIMOD:21"	AC=MS:1000422;NT=HCD	20 ppm	6 ppm	20151008_QE5_UPLC10_DBJ_SA_COLON_human_46frac_19.raw	tissue	colon
PXD004452-Sample-10	Homo sapiens	colon	not available	not available	not available	not available	not applicable	not available	not available	not applicable	run 367	ftp://ftp.pride.ebi.ac.uk/pride/data/archive/2017/06/PXD004452/20151008_QE5_UPLC10_DBJ_SA_COLON_human_46frac_19_151014124632.raw	20	AC=MS:1002038;NT=label free sample	NT=Trypsin;AC=MS:1001251	AC=PRIDE:0000564; NT=High-pH reversed-phase chromatography	NT=Q Exactive;AC=MS:1001911	NT=High-pH reversed-phase chromatography;AC=PRIDE:0000564	NT=Carbamidomethyl;TA=C;AC=UNIMOD:4;MT=fixed	NT=Oxidation;MT=Variable;TA=M;AC=UNIMOD:35	NT=Acetyl;AC=UNIMOD:1;PP=Protein N-term;MT=Variable	NT=Gln->pyro-Glu;TA=E;AC=UNIMOD:27;PP=Any N-term;MT=variable	NT=Gln->pyro-Glu;TA=Q;AC=UNIMOD:28;PP=Any N-term;MT=variable	"NT=Phospho;MT=Variable;TA=S,T,Y;AC=UNIMOD:21"	AC=MS:1000422;NT=HCD	20 ppm	6 ppm	20151008_QE5_UPLC10_DBJ_SA_COLON_human_46frac_19_151014124632.raw	tissue	colon
PXD004452-Sample-10	Homo sapiens	colon	not available	not available	not available	not available	not applicable	not available	not available	not applicable	run 368	ftp://ftp.pride.ebi.ac.uk/pride/data/archive/2017/06/PXD004452/20151008_QE5_UPLC10_DBJ_SA_COLON_human_46frac_20.raw	21	AC=MS:1002038;NT=label free sample	NT=Trypsin;AC=MS:1001251	AC=PRIDE:0000564; NT=High-pH reversed-phase chromatography	NT=Q Exactive;AC=MS:1001911	NT=High-pH reversed-phase chromatography;AC=PRIDE:0000564	NT=Carbamidomethyl;TA=C;AC=UNIMOD:4;MT=fixed	NT=Oxidation;MT=Variable;TA=M;AC=UNIMOD:35	NT=Acetyl;AC=UNIMOD:1;PP=Protein N-term;MT=Variable	NT=Gln->pyro-Glu;TA=E;AC=UNIMOD:27;PP=Any N-term;MT=variable	NT=Gln->pyro-Glu;TA=Q;AC=UNIMOD:28;PP=Any N-term;MT=variable	"NT=Phospho;MT=Variable;TA=S,T,Y;AC=UNIMOD:21"	AC=MS:1000422;NT=HCD	20 ppm	6 ppm	20151008_QE5_UPLC10_DBJ_SA_COLON_human_46frac_20.raw	tissue	colon
PXD004452-Sample-10	Homo sapiens	colon	not available	not available	not available	not available	not applicable	not available	not available	not applicable	run 369	ftp://ftp.pride.ebi.ac.uk/pride/data/archive/2017/06/PXD004452/20151008_QE5_UPLC10_DBJ_SA_COLON_human_46frac_21.raw	22	AC=MS:1002038;NT=label free sample	NT=Trypsin;AC=MS:1001251	AC=PRIDE:0000564; NT=High-pH reversed-phase chromatography	NT=Q Exactive;AC=MS:1001911	NT=High-pH reversed-phase chromatography;AC=PRIDE:0000564	NT=Carbamidomethyl;TA=C;AC=UNIMOD:4;MT=fixed	NT=Oxidation;MT=Variable;TA=M;AC=UNIMOD:35	NT=Acetyl;AC=UNIMOD:1;PP=Protein N-term;MT=Variable	NT=Gln->pyro-Glu;TA=E;AC=UNIMOD:27;PP=Any N-term;MT=variable	NT=Gln->pyro-Glu;TA=Q;AC=UNIMOD:28;PP=Any N-term;MT=variable	"NT=Phospho;MT=Variable;TA=S,T,Y;AC=UNIMOD:21"	AC=MS:1000422;NT=HCD	20 ppm	6 ppm	20151008_QE5_UPLC10_DBJ_SA_COLON_human_46frac_21.raw	tissue	colon
PXD004452-Sample-10	Homo sapiens	colon	not available	not available	not available	not available	not applicable	not available	not available	not applicable	run 370	ftp://ftp.pride.ebi.ac.uk/pride/data/archive/2017/06/PXD004452/20151008_QE5_UPLC10_DBJ_SA_COLON_human_46frac_22.raw	23	AC=MS:1002038;NT=label free sample	NT=Trypsin;AC=MS:1001251	AC=PRIDE:0000564; NT=High-pH reversed-phase chromatography	NT=Q Exactive;AC=MS:1001911	NT=High-pH reversed-phase chromatography;AC=PRIDE:0000564	NT=Carbamidomethyl;TA=C;AC=UNIMOD:4;MT=fixed	NT=Oxidation;MT=Variable;TA=M;AC=UNIMOD:35	NT=Acetyl;AC=UNIMOD:1;PP=Protein N-term;MT=Variable	NT=Gln->pyro-Glu;TA=E;AC=UNIMOD:27;PP=Any N-term;MT=variable	NT=Gln->pyro-Glu;TA=Q;AC=UNIMOD:28;PP=Any N-term;MT=variable	"NT=Phospho;MT=Variable;TA=S,T,Y;AC=UNIMOD:21"	AC=MS:1000422;NT=HCD	20 ppm	6 ppm	20151008_QE5_UPLC10_DBJ_SA_COLON_human_46frac_22.raw	tissue	colon
PXD004452-Sample-10	Homo sapiens	colon	not available	not available	not available	not available	not applicable	not available	not available	not applicable	run 371	ftp://ftp.pride.ebi.ac.uk/pride/data/archive/2017/06/PXD004452/20151008_QE5_UPLC10_DBJ_SA_COLON_human_46frac_23.raw	24	AC=MS:1002038;NT=label free sample	NT=Trypsin;AC=MS:1001251	AC=PRIDE:0000564; NT=High-pH reversed-phase chromatography	NT=Q Exactive;AC=MS:1001911	NT=High-pH reversed-phase chromatography;AC=PRIDE:0000564	NT=Carbamidomethyl;TA=C;AC=UNIMOD:4;MT=fixed	NT=Oxidation;MT=Variable;TA=M;AC=UNIMOD:35	NT=Acetyl;AC=UNIMOD:1;PP=Protein N-term;MT=Variable	NT=Gln->pyro-Glu;TA=E;AC=UNIMOD:27;PP=Any N-term;MT=variable	NT=Gln->pyro-Glu;TA=Q;AC=UNIMOD:28;PP=Any N-term;MT=variable	"NT=Phospho;MT=Variable;TA=S,T,Y;AC=UNIMOD:21"	AC=MS:1000422;NT=HCD	20 ppm	6 ppm	20151008_QE5_UPLC10_DBJ_SA_COLON_human_46frac_23.raw	tissue	colon
PXD004452-Sample-10	Homo sapiens	colon	not available	not available	not available	not available	not applicable	not available	not available	not applicable	run 372	ftp://ftp.pride.ebi.ac.uk/pride/data/archive/2017/06/PXD004452/20151008_QE5_UPLC10_DBJ_SA_COLON_human_46frac_24.raw	25	AC=MS:1002038;NT=label free sample	NT=Trypsin;AC=MS:1001251	AC=PRIDE:0000564; NT=High-pH reversed-phase chromatography	NT=Q Exactive;AC=MS:1001911	NT=High-pH reversed-phase chromatography;AC=PRIDE:0000564	NT=Carbamidomethyl;TA=C;AC=UNIMOD:4;MT=fixed	NT=Oxidation;MT=Variable;TA=M;AC=UNIMOD:35	NT=Acetyl;AC=UNIMOD:1;PP=Protein N-term;MT=Variable	NT=Gln->pyro-Glu;TA=E;AC=UNIMOD:27;PP=Any N-term;MT=variable	NT=Gln->pyro-Glu;TA=Q;AC=UNIMOD:28;PP=Any N-term;MT=variable	"NT=Phospho;MT=Variable;TA=S,T,Y;AC=UNIMOD:21"	AC=MS:1000422;NT=HCD	20 ppm	6 ppm	20151008_QE5_UPLC10_DBJ_SA_COLON_human_46frac_24.raw	tissue	colon
PXD004452-Sample-10	Homo sapiens	colon	not available	not available	not available	not available	not applicable	not available	not available	not applicable	run 373	ftp://ftp.pride.ebi.ac.uk/pride/data/archive/2017/06/PXD004452/20151008_QE5_UPLC10_DBJ_SA_COLON_human_46frac_25.raw	26	AC=MS:1002038;NT=label free sample	NT=Trypsin;AC=MS:1001251	AC=PRIDE:0000564; NT=High-pH reversed-phase chromatography	NT=Q Exactive;AC=MS:1001911	NT=High-pH reversed-phase chromatography;AC=PRIDE:0000564	NT=Carbamidomethyl;TA=C;AC=UNIMOD:4;MT=fixed	NT=Oxidation;MT=Variable;TA=M;AC=UNIMOD:35	NT=Acetyl;AC=UNIMOD:1;PP=Protein N-term;MT=Variable	NT=Gln->pyro-Glu;TA=E;AC=UNIMOD:27;PP=Any N-term;MT=variable	NT=Gln->pyro-Glu;TA=Q;AC=UNIMOD:28;PP=Any N-term;MT=variable	"NT=Phospho;MT=Variable;TA=S,T,Y;AC=UNIMOD:21"	AC=MS:1000422;NT=HCD	20 ppm	6 ppm	20151008_QE5_UPLC10_DBJ_SA_COLON_human_46frac_25.raw	tissue	colon
PXD004452-Sample-10	Homo sapiens	colon	not available	not available	not available	not available	not applicable	not available	not available	not applicable	run 374	ftp://ftp.pride.ebi.ac.uk/pride/data/archive/2017/06/PXD004452/20151008_QE5_UPLC10_DBJ_SA_COLON_human_46frac_26.raw	27	AC=MS:1002038;NT=label free sample	NT=Trypsin;AC=MS:1001251	AC=PRIDE:0000564; NT=High-pH reversed-phase chromatography	NT=Q Exactive;AC=MS:1001911	NT=High-pH reversed-phase chromatography;AC=PRIDE:0000564	NT=Carbamidomethyl;TA=C;AC=UNIMOD:4;MT=fixed	NT=Oxidation;MT=Variable;TA=M;AC=UNIMOD:35	NT=Acetyl;AC=UNIMOD:1;PP=Protein N-term;MT=Variable	NT=Gln->pyro-Glu;TA=E;AC=UNIMOD:27;PP=Any N-term;MT=variable	NT=Gln->pyro-Glu;TA=Q;AC=UNIMOD:28;PP=Any N-term;MT=variable	"NT=Phospho;MT=Variable;TA=S,T,Y;AC=UNIMOD:21"	AC=MS:1000422;NT=HCD	20 ppm	6 ppm	20151008_QE5_UPLC10_DBJ_SA_COLON_human_46frac_26.raw	tissue	colon
PXD004452-Sample-10	Homo sapiens	colon	not available	not available	not available	not available	not applicable	not available	not available	not applicable	run 375	ftp://ftp.pride.ebi.ac.uk/pride/data/archive/2017/06/PXD004452/20151008_QE5_UPLC10_DBJ_SA_COLON_human_46frac_27.raw	28	AC=MS:1002038;NT=label free sample	NT=Trypsin;AC=MS:1001251	AC=PRIDE:0000564; NT=High-pH reversed-phase chromatography	NT=Q Exactive;AC=MS:1001911	NT=High-pH reversed-phase chromatography;AC=PRIDE:0000564	NT=Carbamidomethyl;TA=C;AC=UNIMOD:4;MT=fixed	NT=Oxidation;MT=Variable;TA=M;AC=UNIMOD:35	NT=Acetyl;AC=UNIMOD:1;PP=Protein N-term;MT=Variable	NT=Gln->pyro-Glu;TA=E;AC=UNIMOD:27;PP=Any N-term;MT=variable	NT=Gln->pyro-Glu;TA=Q;AC=UNIMOD:28;PP=Any N-term;MT=variable	"NT=Phospho;MT=Variable;TA=S,T,Y;AC=UNIMOD:21"	AC=MS:1000422;NT=HCD	20 ppm	6 ppm	20151008_QE5_UPLC10_DBJ_SA_COLON_human_46frac_27.raw	tissue	colon
PXD004452-Sample-10	Homo sapiens	colon	not available	not available	not available	not available	not applicable	not available	not available	not applicable	run 376	ftp://ftp.pride.ebi.ac.uk/pride/data/archive/2017/06/PXD004452/20151008_QE5_UPLC10_DBJ_SA_COLON_human_46frac_28.raw	29	AC=MS:1002038;NT=label free sample	NT=Trypsin;AC=MS:1001251	AC=PRIDE:0000564; NT=High-pH reversed-phase chromatography	NT=Q Exactive;AC=MS:1001911	NT=High-pH reversed-phase chromatography;AC=PRIDE:0000564	NT=Carbamidomethyl;TA=C;AC=UNIMOD:4;MT=fixed	NT=Oxidation;MT=Variable;TA=M;AC=UNIMOD:35	NT=Acetyl;AC=UNIMOD:1;PP=Protein N-term;MT=Variable	NT=Gln->pyro-Glu;TA=E;AC=UNIMOD:27;PP=Any N-term;MT=variable	NT=Gln->pyro-Glu;TA=Q;AC=UNIMOD:28;PP=Any N-term;MT=variable	"NT=Phospho;MT=Variable;TA=S,T,Y;AC=UNIMOD:21"	AC=MS:1000422;NT=HCD	20 ppm	6 ppm	20151008_QE5_UPLC10_DBJ_SA_COLON_human_46frac_28.raw	tissue	colon
PXD004452-Sample-10	Homo sapiens	colon	not available	not available	not available	not available	not applicable	not available	not available	not applicable	run 377	ftp://ftp.pride.ebi.ac.uk/pride/data/archive/2017/06/PXD004452/20151008_QE5_UPLC10_DBJ_SA_COLON_human_46frac_29.raw	30	AC=MS:1002038;NT=label free sample	NT=Trypsin;AC=MS:1001251	AC=PRIDE:0000564; NT=High-pH reversed-phase chromatography	NT=Q Exactive;AC=MS:1001911	NT=High-pH reversed-phase chromatography;AC=PRIDE:0000564	NT=Carbamidomethyl;TA=C;AC=UNIMOD:4;MT=fixed	NT=Oxidation;MT=Variable;TA=M;AC=UNIMOD:35	NT=Acetyl;AC=UNIMOD:1;PP=Protein N-term;MT=Variable	NT=Gln->pyro-Glu;TA=E;AC=UNIMOD:27;PP=Any N-term;MT=variable	NT=Gln->pyro-Glu;TA=Q;AC=UNIMOD:28;PP=Any N-term;MT=variable	"NT=Phospho;MT=Variable;TA=S,T,Y;AC=UNIMOD:21"	AC=MS:1000422;NT=HCD	20 ppm	6 ppm	20151008_QE5_UPLC10_DBJ_SA_COLON_human_46frac_29.raw	tissue	colon
PXD004452-Sample-10	Homo sapiens	colon	not available	not available	not available	not available	not applicable	not available	not available	not applicable	run 378	ftp://ftp.pride.ebi.ac.uk/pride/data/archive/2017/06/PXD004452/20151008_QE5_UPLC10_DBJ_SA_COLON_human_46frac_30.raw	31	AC=MS:1002038;NT=label free sample	NT=Trypsin;AC=MS:1001251	AC=PRIDE:0000564; NT=High-pH reversed-phase chromatography	NT=Q Exactive;AC=MS:1001911	NT=High-pH reversed-phase chromatography;AC=PRIDE:0000564	NT=Carbamidomethyl;TA=C;AC=UNIMOD:4;MT=fixed	NT=Oxidation;MT=Variable;TA=M;AC=UNIMOD:35	NT=Acetyl;AC=UNIMOD:1;PP=Protein N-term;MT=Variable	NT=Gln->pyro-Glu;TA=E;AC=UNIMOD:27;PP=Any N-term;MT=variable	NT=Gln->pyro-Glu;TA=Q;AC=UNIMOD:28;PP=Any N-term;MT=variable	"NT=Phospho;MT=Variable;TA=S,T,Y;AC=UNIMOD:21"	AC=MS:1000422;NT=HCD	20 ppm	6 ppm	20151008_QE5_UPLC10_DBJ_SA_COLON_human_46frac_30.raw	tissue	colon
PXD004452-Sample-10	Homo sapiens	colon	not available	not available	not available	not available	not applicable	not available	not available	not applicable	run 379	ftp://ftp.pride.ebi.ac.uk/pride/data/archive/2017/06/PXD004452/20151008_QE5_UPLC10_DBJ_SA_COLON_human_46frac_31.raw	32	AC=MS:1002038;NT=label free sample	NT=Trypsin;AC=MS:1001251	AC=PRIDE:0000564; NT=High-pH reversed-phase chromatography	NT=Q Exactive;AC=MS:1001911	NT=High-pH reversed-phase chromatography;AC=PRIDE:0000564	NT=Carbamidomethyl;TA=C;AC=UNIMOD:4;MT=fixed	NT=Oxidation;MT=Variable;TA=M;AC=UNIMOD:35	NT=Acetyl;AC=UNIMOD:1;PP=Protein N-term;MT=Variable	NT=Gln->pyro-Glu;TA=E;AC=UNIMOD:27;PP=Any N-term;MT=variable	NT=Gln->pyro-Glu;TA=Q;AC=UNIMOD:28;PP=Any N-term;MT=variable	"NT=Phospho;MT=Variable;TA=S,T,Y;AC=UNIMOD:21"	AC=MS:1000422;NT=HCD	20 ppm	6 ppm	20151008_QE5_UPLC10_DBJ_SA_COLON_human_46frac_31.raw	tissue	colon
PXD004452-Sample-10	Homo sapiens	colon	not available	not available	not available	not available	not applicable	not available	not available	not applicable	run 380	ftp://ftp.pride.ebi.ac.uk/pride/data/archive/2017/06/PXD004452/20151008_QE5_UPLC10_DBJ_SA_COLON_human_46frac_32.raw	33	AC=MS:1002038;NT=label free sample	NT=Trypsin;AC=MS:1001251	AC=PRIDE:0000564; NT=High-pH reversed-phase chromatography	NT=Q Exactive;AC=MS:1001911	NT=High-pH reversed-phase chromatography;AC=PRIDE:0000564	NT=Carbamidomethyl;TA=C;AC=UNIMOD:4;MT=fixed	NT=Oxidation;MT=Variable;TA=M;AC=UNIMOD:35	NT=Acetyl;AC=UNIMOD:1;PP=Protein N-term;MT=Variable	NT=Gln->pyro-Glu;TA=E;AC=UNIMOD:27;PP=Any N-term;MT=variable	NT=Gln->pyro-Glu;TA=Q;AC=UNIMOD:28;PP=Any N-term;MT=variable	"NT=Phospho;MT=Variable;TA=S,T,Y;AC=UNIMOD:21"	AC=MS:1000422;NT=HCD	20 ppm	6 ppm	20151008_QE5_UPLC10_DBJ_SA_COLON_human_46frac_32.raw	tissue	colon
PXD004452-Sample-10	Homo sapiens	colon	not available	not available	not available	not available	not applicable	not available	not available	not applicable	run 381	ftp://ftp.pride.ebi.ac.uk/pride/data/archive/2017/06/PXD004452/20151008_QE5_UPLC10_DBJ_SA_COLON_human_46frac_32_151014133246.raw	34	AC=MS:1002038;NT=label free sample	NT=Trypsin;AC=MS:1001251	AC=PRIDE:0000564; NT=High-pH reversed-phase chromatography	NT=Q Exactive;AC=MS:1001911	NT=High-pH reversed-phase chromatography;AC=PRIDE:0000564	NT=Carbamidomethyl;TA=C;AC=UNIMOD:4;MT=fixed	NT=Oxidation;MT=Variable;TA=M;AC=UNIMOD:35	NT=Acetyl;AC=UNIMOD:1;PP=Protein N-term;MT=Variable	NT=Gln->pyro-Glu;TA=E;AC=UNIMOD:27;PP=Any N-term;MT=variable	NT=Gln->pyro-Glu;TA=Q;AC=UNIMOD:28;PP=Any N-term;MT=variable	"NT=Phospho;MT=Variable;TA=S,T,Y;AC=UNIMOD:21"	AC=MS:1000422;NT=HCD	20 ppm	6 ppm	20151008_QE5_UPLC10_DBJ_SA_COLON_human_46frac_32_151014133246.raw	tissue	colon
PXD004452-Sample-10	Homo sapiens	colon	not available	not available	not available	not available	not applicable	not available	not available	not applicable	run 382	ftp://ftp.pride.ebi.ac.uk/pride/data/archive/2017/06/PXD004452/20151008_QE5_UPLC10_DBJ_SA_COLON_human_46frac_33.raw	35	AC=MS:1002038;NT=label free sample	NT=Trypsin;AC=MS:1001251	AC=PRIDE:0000564; NT=High-pH reversed-phase chromatography	NT=Q Exactive;AC=MS:1001911	NT=High-pH reversed-phase chromatography;AC=PRIDE:0000564	NT=Carbamidomethyl;TA=C;AC=UNIMOD:4;MT=fixed	NT=Oxidation;MT=Variable;TA=M;AC=UNIMOD:35	NT=Acetyl;AC=UNIMOD:1;PP=Protein N-term;MT=Variable	NT=Gln->pyro-Glu;TA=E;AC=UNIMOD:27;PP=Any N-term;MT=variable	NT=Gln->pyro-Glu;TA=Q;AC=UNIMOD:28;PP=Any N-term;MT=variable	"NT=Phospho;MT=Variable;TA=S,T,Y;AC=UNIMOD:21"	AC=MS:1000422;NT=HCD	20 ppm	6 ppm	20151008_QE5_UPLC10_DBJ_SA_COLON_human_46frac_33.raw	tissue	colon
PXD004452-Sample-10	Homo sapiens	colon	not available	not available	not available	not available	not applicable	not available	not available	not applicable	run 383	ftp://ftp.pride.ebi.ac.uk/pride/data/archive/2017/06/PXD004452/20151008_QE5_UPLC10_DBJ_SA_COLON_human_46frac_34.raw	36	AC=MS:1002038;NT=label free sample	NT=Trypsin;AC=MS:1001251	AC=PRIDE:0000564; NT=High-pH reversed-phase chromatography	NT=Q Exactive;AC=MS:1001911	NT=High-pH reversed-phase chromatography;AC=PRIDE:0000564	NT=Carbamidomethyl;TA=C;AC=UNIMOD:4;MT=fixed	NT=Oxidation;MT=Variable;TA=M;AC=UNIMOD:35	NT=Acetyl;AC=UNIMOD:1;PP=Protein N-term;MT=Variable	NT=Gln->pyro-Glu;TA=E;AC=UNIMOD:27;PP=Any N-term;MT=variable	NT=Gln->pyro-Glu;TA=Q;AC=UNIMOD:28;PP=Any N-term;MT=variable	"NT=Phospho;MT=Variable;TA=S,T,Y;AC=UNIMOD:21"	AC=MS:1000422;NT=HCD	20 ppm	6 ppm	20151008_QE5_UPLC10_DBJ_SA_COLON_human_46frac_34.raw	tissue	colon
PXD004452-Sample-10	Homo sapiens	colon	not available	not available	not available	not available	not applicable	not available	not available	not applicable	run 384	ftp://ftp.pride.ebi.ac.uk/pride/data/archive/2017/06/PXD004452/20151008_QE5_UPLC10_DBJ_SA_COLON_human_46frac_34_151014141957.raw	37	AC=MS:1002038;NT=label free sample	NT=Trypsin;AC=MS:1001251	AC=PRIDE:0000564; NT=High-pH reversed-phase chromatography	NT=Q Exactive;AC=MS:1001911	NT=High-pH reversed-phase chromatography;AC=PRIDE:0000564	NT=Carbamidomethyl;TA=C;AC=UNIMOD:4;MT=fixed	NT=Oxidation;MT=Variable;TA=M;AC=UNIMOD:35	NT=Acetyl;AC=UNIMOD:1;PP=Protein N-term;MT=Variable	NT=Gln->pyro-Glu;TA=E;AC=UNIMOD:27;PP=Any N-term;MT=variable	NT=Gln->pyro-Glu;TA=Q;AC=UNIMOD:28;PP=Any N-term;MT=variable	"NT=Phospho;MT=Variable;TA=S,T,Y;AC=UNIMOD:21"	AC=MS:1000422;NT=HCD	20 ppm	6 ppm	20151008_QE5_UPLC10_DBJ_SA_COLON_human_46frac_34_151014141957.raw	tissue	colon
PXD004452-Sample-10	Homo sapiens	colon	not available	not available	not available	not available	not applicable	not available	not available	not applicable	run 385	ftp://ftp.pride.ebi.ac.uk/pride/data/archive/2017/06/PXD004452/20151008_QE5_UPLC10_DBJ_SA_COLON_human_46frac_34_151014191631.raw	38	AC=MS:1002038;NT=label free sample	NT=Trypsin;AC=MS:1001251	AC=PRIDE:0000564; NT=High-pH reversed-phase chromatography	NT=Q Exactive;AC=MS:1001911	NT=High-pH reversed-phase chromatography;AC=PRIDE:0000564	NT=Carbamidomethyl;TA=C;AC=UNIMOD:4;MT=fixed	NT=Oxidation;MT=Variable;TA=M;AC=UNIMOD:35	NT=Acetyl;AC=UNIMOD:1;PP=Protein N-term;MT=Variable	NT=Gln->pyro-Glu;TA=E;AC=UNIMOD:27;PP=Any N-term;MT=variable	NT=Gln->pyro-Glu;TA=Q;AC=UNIMOD:28;PP=Any N-term;MT=variable	"NT=Phospho;MT=Variable;TA=S,T,Y;AC=UNIMOD:21"	AC=MS:1000422;NT=HCD	20 ppm	6 ppm	20151008_QE5_UPLC10_DBJ_SA_COLON_human_46frac_34_151014191631.raw	tissue	colon
PXD004452-Sample-10	Homo sapiens	colon	not available	not available	not available	not available	not applicable	not available	not available	not applicable	run 386	ftp://ftp.pride.ebi.ac.uk/pride/data/archive/2017/06/PXD004452/20151008_QE5_UPLC10_DBJ_SA_COLON_human_46frac_35.raw	39	AC=MS:1002038;NT=label free sample	NT=Trypsin;AC=MS:1001251	AC=PRIDE:0000564; NT=High-pH reversed-phase chromatography	NT=Q Exactive;AC=MS:1001911	NT=High-pH reversed-phase chromatography;AC=PRIDE:0000564	NT=Carbamidomethyl;TA=C;AC=UNIMOD:4;MT=fixed	NT=Oxidation;MT=Variable;TA=M;AC=UNIMOD:35	NT=Acetyl;AC=UNIMOD:1;PP=Protein N-term;MT=Variable	NT=Gln->pyro-Glu;TA=E;AC=UNIMOD:27;PP=Any N-term;MT=variable	NT=Gln->pyro-Glu;TA=Q;AC=UNIMOD:28;PP=Any N-term;MT=variable	"NT=Phospho;MT=Variable;TA=S,T,Y;AC=UNIMOD:21"	AC=MS:1000422;NT=HCD	20 ppm	6 ppm	20151008_QE5_UPLC10_DBJ_SA_COLON_human_46frac_35.raw	tissue	colon
PXD004452-Sample-10	Homo sapiens	colon	not available	not available	not available	not available	not applicable	not available	not available	not applicable	run 387	ftp://ftp.pride.ebi.ac.uk/pride/data/archive/2017/06/PXD004452/20151008_QE5_UPLC10_DBJ_SA_COLON_human_46frac_35_151014200242.raw	40	AC=MS:1002038;NT=label free sample	NT=Trypsin;AC=MS:1001251	AC=PRIDE:0000564; NT=High-pH reversed-phase chromatography	NT=Q Exactive;AC=MS:1001911	NT=High-pH reversed-phase chromatography;AC=PRIDE:0000564	NT=Carbamidomethyl;TA=C;AC=UNIMOD:4;MT=fixed	NT=Oxidation;MT=Variable;TA=M;AC=UNIMOD:35	NT=Acetyl;AC=UNIMOD:1;PP=Protein N-term;MT=Variable	NT=Gln->pyro-Glu;TA=E;AC=UNIMOD:27;PP=Any N-term;MT=variable	NT=Gln->pyro-Glu;TA=Q;AC=UNIMOD:28;PP=Any N-term;MT=variable	"NT=Phospho;MT=Variable;TA=S,T,Y;AC=UNIMOD:21"	AC=MS:1000422;NT=HCD	20 ppm	6 ppm	20151008_QE5_UPLC10_DBJ_SA_COLON_human_46frac_35_151014200242.raw	tissue	colon
PXD004452-Sample-10	Homo sapiens	colon	not available	not available	not available	not available	not applicable	not available	not available	not applicable	run 388	ftp://ftp.pride.ebi.ac.uk/pride/data/archive/2017/06/PXD004452/20151008_QE5_UPLC10_DBJ_SA_COLON_human_46frac_36.raw	41	AC=MS:1002038;NT=label free sample	NT=Trypsin;AC=MS:1001251	AC=PRIDE:0000564; NT=High-pH reversed-phase chromatography	NT=Q Exactive;AC=MS:1001911	NT=High-pH reversed-phase chromatography;AC=PRIDE:0000564	NT=Carbamidomethyl;TA=C;AC=UNIMOD:4;MT=fixed	NT=Oxidation;MT=Variable;TA=M;AC=UNIMOD:35	NT=Acetyl;AC=UNIMOD:1;PP=Protein N-term;MT=Variable	NT=Gln->pyro-Glu;TA=E;AC=UNIMOD:27;PP=Any N-term;MT=variable	NT=Gln->pyro-Glu;TA=Q;AC=UNIMOD:28;PP=Any N-term;MT=variable	"NT=Phospho;MT=Variable;TA=S,T,Y;AC=UNIMOD:21"	AC=MS:1000422;NT=HCD	20 ppm	6 ppm	20151008_QE5_UPLC10_DBJ_SA_COLON_human_46frac_36.raw	tissue	colon
PXD004452-Sample-10	Homo sapiens	colon	not available	not available	not available	not available	not applicable	not available	not available	not applicable	run 389	ftp://ftp.pride.ebi.ac.uk/pride/data/archive/2017/06/PXD004452/20151008_QE5_UPLC10_DBJ_SA_COLON_human_46frac_37.raw	42	AC=MS:1002038;NT=label free sample	NT=Trypsin;AC=MS:1001251	AC=PRIDE:0000564; NT=High-pH reversed-phase chromatography	NT=Q Exactive;AC=MS:1001911	NT=High-pH reversed-phase chromatography;AC=PRIDE:0000564	NT=Carbamidomethyl;TA=C;AC=UNIMOD:4;MT=fixed	NT=Oxidation;MT=Variable;TA=M;AC=UNIMOD:35	NT=Acetyl;AC=UNIMOD:1;PP=Protein N-term;MT=Variable	NT=Gln->pyro-Glu;TA=E;AC=UNIMOD:27;PP=Any N-term;MT=variable	NT=Gln->pyro-Glu;TA=Q;AC=UNIMOD:28;PP=Any N-term;MT=variable	"NT=Phospho;MT=Variable;TA=S,T,Y;AC=UNIMOD:21"	AC=MS:1000422;NT=HCD	20 ppm	6 ppm	20151008_QE5_UPLC10_DBJ_SA_COLON_human_46frac_37.raw	tissue	colon
PXD004452-Sample-10	Homo sapiens	colon	not available	not available	not available	not available	not applicable	not available	not available	not applicable	run 390	ftp://ftp.pride.ebi.ac.uk/pride/data/archive/2017/06/PXD004452/20151008_QE5_UPLC10_DBJ_SA_COLON_human_46frac_37_151014204857.raw	43	AC=MS:1002038;NT=label free sample	NT=Trypsin;AC=MS:1001251	AC=PRIDE:0000564; NT=High-pH reversed-phase chromatography	NT=Q Exactive;AC=MS:1001911	NT=High-pH reversed-phase chromatography;AC=PRIDE:0000564	NT=Carbamidomethyl;TA=C;AC=UNIMOD:4;MT=fixed	NT=Oxidation;MT=Variable;TA=M;AC=UNIMOD:35	NT=Acetyl;AC=UNIMOD:1;PP=Protein N-term;MT=Variable	NT=Gln->pyro-Glu;TA=E;AC=UNIMOD:27;PP=Any N-term;MT=variable	NT=Gln->pyro-Glu;TA=Q;AC=UNIMOD:28;PP=Any N-term;MT=variable	"NT=Phospho;MT=Variable;TA=S,T,Y;AC=UNIMOD:21"	AC=MS:1000422;NT=HCD	20 ppm	6 ppm	20151008_QE5_UPLC10_DBJ_SA_COLON_human_46frac_37_151014204857.raw	tissue	colon
PXD004452-Sample-10	Homo sapiens	colon	not available	not available	not available	not available	not applicable	not available	not available	not applicable	run 391	ftp://ftp.pride.ebi.ac.uk/pride/data/archive/2017/06/PXD004452/20151008_QE5_UPLC10_DBJ_SA_COLON_human_46frac_38.raw	44	AC=MS:1002038;NT=label free sample	NT=Trypsin;AC=MS:1001251	AC=PRIDE:0000564; NT=High-pH reversed-phase chromatography	NT=Q Exactive;AC=MS:1001911	NT=High-pH reversed-phase chromatography;AC=PRIDE:0000564	NT=Carbamidomethyl;TA=C;AC=UNIMOD:4;MT=fixed	NT=Oxidation;MT=Variable;TA=M;AC=UNIMOD:35	NT=Acetyl;AC=UNIMOD:1;PP=Protein N-term;MT=Variable	NT=Gln->pyro-Glu;TA=E;AC=UNIMOD:27;PP=Any N-term;MT=variable	NT=Gln->pyro-Glu;TA=Q;AC=UNIMOD:28;PP=Any N-term;MT=variable	"NT=Phospho;MT=Variable;TA=S,T,Y;AC=UNIMOD:21"	AC=MS:1000422;NT=HCD	20 ppm	6 ppm	20151008_QE5_UPLC10_DBJ_SA_COLON_human_46frac_38.raw	tissue	colon
PXD004452-Sample-10	Homo sapiens	colon	not available	not available	not available	not available	not applicable	not available	not available	not applicable	run 392	ftp://ftp.pride.ebi.ac.uk/pride/data/archive/2017/06/PXD004452/20151008_QE5_UPLC10_DBJ_SA_COLON_human_46frac_38_151014213514.raw	45	AC=MS:1002038;NT=label free sample	NT=Trypsin;AC=MS:1001251	AC=PRIDE:0000564; NT=High-pH reversed-phase chromatography	NT=Q Exactive;AC=MS:1001911	NT=High-pH reversed-phase chromatography;AC=PRIDE:0000564	NT=Carbamidomethyl;TA=C;AC=UNIMOD:4;MT=fixed	NT=Oxidation;MT=Variable;TA=M;AC=UNIMOD:35	NT=Acetyl;AC=UNIMOD:1;PP=Protein N-term;MT=Variable	NT=Gln->pyro-Glu;TA=E;AC=UNIMOD:27;PP=Any N-term;MT=variable	NT=Gln->pyro-Glu;TA=Q;AC=UNIMOD:28;PP=Any N-term;MT=variable	"NT=Phospho;MT=Variable;TA=S,T,Y;AC=UNIMOD:21"	AC=MS:1000422;NT=HCD	20 ppm	6 ppm	20151008_QE5_UPLC10_DBJ_SA_COLON_human_46frac_38_151014213514.raw	tissue	colon
PXD004452-Sample-10	Homo sapiens	colon	not available	not available	not available	not available	not applicable	not available	not available	not applicable	run 393	ftp://ftp.pride.ebi.ac.uk/pride/data/archive/2017/06/PXD004452/20151008_QE5_UPLC10_DBJ_SA_COLON_human_46frac_39.raw	46	AC=MS:1002038;NT=label free sample	NT=Trypsin;AC=MS:1001251	AC=PRIDE:0000564; NT=High-pH reversed-phase chromatography	NT=Q Exactive;AC=MS:1001911	NT=High-pH reversed-phase chromatography;AC=PRIDE:0000564	NT=Carbamidomethyl;TA=C;AC=UNIMOD:4;MT=fixed	NT=Oxidation;MT=Variable;TA=M;AC=UNIMOD:35	NT=Acetyl;AC=UNIMOD:1;PP=Protein N-term;MT=Variable	NT=Gln->pyro-Glu;TA=E;AC=UNIMOD:27;PP=Any N-term;MT=variable	NT=Gln->pyro-Glu;TA=Q;AC=UNIMOD:28;PP=Any N-term;MT=variable	"NT=Phospho;MT=Variable;TA=S,T,Y;AC=UNIMOD:21"	AC=MS:1000422;NT=HCD	20 ppm	6 ppm	20151008_QE5_UPLC10_DBJ_SA_COLON_human_46frac_39.raw	tissue	colon
PXD004452-Sample-10	Homo sapiens	colon	not available	not available	not available	not available	not applicable	not available	not available	not applicable	run 394	ftp://ftp.pride.ebi.ac.uk/pride/data/archive/2017/06/PXD004452/20151008_QE5_UPLC10_DBJ_SA_COLON_human_46frac_40.raw	47	AC=MS:1002038;NT=label free sample	NT=Trypsin;AC=MS:1001251	AC=PRIDE:0000564; NT=High-pH reversed-phase chromatography	NT=Q Exactive;AC=MS:1001911	NT=High-pH reversed-phase chromatography;AC=PRIDE:0000564	NT=Carbamidomethyl;TA=C;AC=UNIMOD:4;MT=fixed	NT=Oxidation;MT=Variable;TA=M;AC=UNIMOD:35	NT=Acetyl;AC=UNIMOD:1;PP=Protein N-term;MT=Variable	NT=Gln->pyro-Glu;TA=E;AC=UNIMOD:27;PP=Any N-term;MT=variable	NT=Gln->pyro-Glu;TA=Q;AC=UNIMOD:28;PP=Any N-term;MT=variable	"NT=Phospho;MT=Variable;TA=S,T,Y;AC=UNIMOD:21"	AC=MS:1000422;NT=HCD	20 ppm	6 ppm	20151008_QE5_UPLC10_DBJ_SA_COLON_human_46frac_40.raw	tissue	colon
PXD004452-Sample-10	Homo sapiens	colon	not available	not available	not available	not available	not applicable	not available	not available	not applicable	run 395	ftp://ftp.pride.ebi.ac.uk/pride/data/archive/2017/06/PXD004452/20151008_QE5_UPLC10_DBJ_SA_COLON_human_46frac_41.raw	48	AC=MS:1002038;NT=label free sample	NT=Trypsin;AC=MS:1001251	AC=PRIDE:0000564; NT=High-pH reversed-phase chromatography	NT=Q Exactive;AC=MS:1001911	NT=High-pH reversed-phase chromatography;AC=PRIDE:0000564	NT=Carbamidomethyl;TA=C;AC=UNIMOD:4;MT=fixed	NT=Oxidation;MT=Variable;TA=M;AC=UNIMOD:35	NT=Acetyl;AC=UNIMOD:1;PP=Protein N-term;MT=Variable	NT=Gln->pyro-Glu;TA=E;AC=UNIMOD:27;PP=Any N-term;MT=variable	NT=Gln->pyro-Glu;TA=Q;AC=UNIMOD:28;PP=Any N-term;MT=variable	"NT=Phospho;MT=Variable;TA=S,T,Y;AC=UNIMOD:21"	AC=MS:1000422;NT=HCD	20 ppm	6 ppm	20151008_QE5_UPLC10_DBJ_SA_COLON_human_46frac_41.raw	tissue	colon
PXD004452-Sample-10	Homo sapiens	colon	not available	not available	not available	not available	not applicable	not available	not available	not applicable	run 396	ftp://ftp.pride.ebi.ac.uk/pride/data/archive/2017/06/PXD004452/20151008_QE5_UPLC10_DBJ_SA_COLON_human_46frac_42.raw	49	AC=MS:1002038;NT=label free sample	NT=Trypsin;AC=MS:1001251	AC=PRIDE:0000564; NT=High-pH reversed-phase chromatography	NT=Q Exactive;AC=MS:1001911	NT=High-pH reversed-phase chromatography;AC=PRIDE:0000564	NT=Carbamidomethyl;TA=C;AC=UNIMOD:4;MT=fixed	NT=Oxidation;MT=Variable;TA=M;AC=UNIMOD:35	NT=Acetyl;AC=UNIMOD:1;PP=Protein N-term;MT=Variable	NT=Gln->pyro-Glu;TA=E;AC=UNIMOD:27;PP=Any N-term;MT=variable	NT=Gln->pyro-Glu;TA=Q;AC=UNIMOD:28;PP=Any N-term;MT=variable	"NT=Phospho;MT=Variable;TA=S,T,Y;AC=UNIMOD:21"	AC=MS:1000422;NT=HCD	20 ppm	6 ppm	20151008_QE5_UPLC10_DBJ_SA_COLON_human_46frac_42.raw	tissue	colon
PXD004452-Sample-10	Homo sapiens	colon	not available	not available	not available	not available	not applicable	not available	not available	not applicable	run 397	ftp://ftp.pride.ebi.ac.uk/pride/data/archive/2017/06/PXD004452/20151008_QE5_UPLC10_DBJ_SA_COLON_human_46frac_42_151014222133.raw	50	AC=MS:1002038;NT=label free sample	NT=Trypsin;AC=MS:1001251	AC=PRIDE:0000564; NT=High-pH reversed-phase chromatography	NT=Q Exactive;AC=MS:1001911	NT=High-pH reversed-phase chromatography;AC=PRIDE:0000564	NT=Carbamidomethyl;TA=C;AC=UNIMOD:4;MT=fixed	NT=Oxidation;MT=Variable;TA=M;AC=UNIMOD:35	NT=Acetyl;AC=UNIMOD:1;PP=Protein N-term;MT=Variable	NT=Gln->pyro-Glu;TA=E;AC=UNIMOD:27;PP=Any N-term;MT=variable	NT=Gln->pyro-Glu;TA=Q;AC=UNIMOD:28;PP=Any N-term;MT=variable	"NT=Phospho;MT=Variable;TA=S,T,Y;AC=UNIMOD:21"	AC=MS:1000422;NT=HCD	20 ppm	6 ppm	20151008_QE5_UPLC10_DBJ_SA_COLON_human_46frac_42_151014222133.raw	tissue	colon
PXD004452-Sample-10	Homo sapiens	colon	not available	not available	not available	not available	not applicable	not available	not available	not applicable	run 398	ftp://ftp.pride.ebi.ac.uk/pride/data/archive/2017/06/PXD004452/20151008_QE5_UPLC10_DBJ_SA_COLON_human_46frac_43.raw	51	AC=MS:1002038;NT=label free sample	NT=Trypsin;AC=MS:1001251	AC=PRIDE:0000564; NT=High-pH reversed-phase chromatography	NT=Q Exactive;AC=MS:1001911	NT=High-pH reversed-phase chromatography;AC=PRIDE:0000564	NT=Carbamidomethyl;TA=C;AC=UNIMOD:4;MT=fixed	NT=Oxidation;MT=Variable;TA=M;AC=UNIMOD:35	NT=Acetyl;AC=UNIMOD:1;PP=Protein N-term;MT=Variable	NT=Gln->pyro-Glu;TA=E;AC=UNIMOD:27;PP=Any N-term;MT=variable	NT=Gln->pyro-Glu;TA=Q;AC=UNIMOD:28;PP=Any N-term;MT=variable	"NT=Phospho;MT=Variable;TA=S,T,Y;AC=UNIMOD:21"	AC=MS:1000422;NT=HCD	20 ppm	6 ppm	20151008_QE5_UPLC10_DBJ_SA_COLON_human_46frac_43.raw	tissue	colon
PXD004452-Sample-10	Homo sapiens	colon	not available	not available	not available	not available	not applicable	not available	not available	not applicable	run 399	ftp://ftp.pride.ebi.ac.uk/pride/data/archive/2017/06/PXD004452/20151008_QE5_UPLC10_DBJ_SA_COLON_human_46frac_44.raw	52	AC=MS:1002038;NT=label free sample	NT=Trypsin;AC=MS:1001251	AC=PRIDE:0000564; NT=High-pH reversed-phase chromatography	NT=Q Exactive;AC=MS:1001911	NT=High-pH reversed-phase chromatography;AC=PRIDE:0000564	NT=Carbamidomethyl;TA=C;AC=UNIMOD:4;MT=fixed	NT=Oxidation;MT=Variable;TA=M;AC=UNIMOD:35	NT=Acetyl;AC=UNIMOD:1;PP=Protein N-term;MT=Variable	NT=Gln->pyro-Glu;TA=E;AC=UNIMOD:27;PP=Any N-term;MT=variable	NT=Gln->pyro-Glu;TA=Q;AC=UNIMOD:28;PP=Any N-term;MT=variable	"NT=Phospho;MT=Variable;TA=S,T,Y;AC=UNIMOD:21"	AC=MS:1000422;NT=HCD	20 ppm	6 ppm	20151008_QE5_UPLC10_DBJ_SA_COLON_human_46frac_44.raw	tissue	colon
PXD004452-Sample-10	Homo sapiens	colon	not available	not available	not available	not available	not applicable	not available	not available	not applicable	run 400	ftp://ftp.pride.ebi.ac.uk/pride/data/archive/2017/06/PXD004452/20151008_QE5_UPLC10_DBJ_SA_COLON_human_46frac_45.raw	53	AC=MS:1002038;NT=label free sample	NT=Trypsin;AC=MS:1001251	AC=PRIDE:0000564; NT=High-pH reversed-phase chromatography	NT=Q Exactive;AC=MS:1001911	NT=High-pH reversed-phase chromatography;AC=PRIDE:0000564	NT=Carbamidomethyl;TA=C;AC=UNIMOD:4;MT=fixed	NT=Oxidation;MT=Variable;TA=M;AC=UNIMOD:35	NT=Acetyl;AC=UNIMOD:1;PP=Protein N-term;MT=Variable	NT=Gln->pyro-Glu;TA=E;AC=UNIMOD:27;PP=Any N-term;MT=variable	NT=Gln->pyro-Glu;TA=Q;AC=UNIMOD:28;PP=Any N-term;MT=variable	"NT=Phospho;MT=Variable;TA=S,T,Y;AC=UNIMOD:21"	AC=MS:1000422;NT=HCD	20 ppm	6 ppm	20151008_QE5_UPLC10_DBJ_SA_COLON_human_46frac_45.raw	tissue	colon
PXD004452-Sample-10	Homo sapiens	colon	not available	not available	not available	not available	not applicable	not available	not available	not applicable	run 401	ftp://ftp.pride.ebi.ac.uk/pride/data/archive/2017/06/PXD004452/20151008_QE5_UPLC10_DBJ_SA_COLON_human_46frac_46.raw	54	AC=MS:1002038;NT=label free sample	NT=Trypsin;AC=MS:1001251	AC=PRIDE:0000564; NT=High-pH reversed-phase chromatography	NT=Q Exactive;AC=MS:1001911	NT=High-pH reversed-phase chromatography;AC=PRIDE:0000564	NT=Carbamidomethyl;TA=C;AC=UNIMOD:4;MT=fixed	NT=Oxidation;MT=Variable;TA=M;AC=UNIMOD:35	NT=Acetyl;AC=UNIMOD:1;PP=Protein N-term;MT=Variable	NT=Gln->pyro-Glu;TA=E;AC=UNIMOD:27;PP=Any N-term;MT=variable	NT=Gln->pyro-Glu;TA=Q;AC=UNIMOD:28;PP=Any N-term;MT=variable	"NT=Phospho;MT=Variable;TA=S,T,Y;AC=UNIMOD:21"	AC=MS:1000422;NT=HCD	20 ppm	6 ppm	20151008_QE5_UPLC10_DBJ_SA_COLON_human_46frac_46.raw	tissue	colon
PXD004452-Sample-10	Homo sapiens	colon	not available	not available	not available	not available	not applicable	not available	not available	not applicable	run 402	ftp://ftp.pride.ebi.ac.uk/pride/data/archive/2017/06/PXD004452/20151008_QE5_UPLC10_DBJ_SA_COLON_human_46frac_46_151014230754.raw	55	AC=MS:1002038;NT=label free sample	NT=Trypsin;AC=MS:1001251	AC=PRIDE:0000564; NT=High-pH reversed-phase chromatography	NT=Q Exactive;AC=MS:1001911	NT=High-pH reversed-phase chromatography;AC=PRIDE:0000564	NT=Carbamidomethyl;TA=C;AC=UNIMOD:4;MT=fixed	NT=Oxidation;MT=Variable;TA=M;AC=UNIMOD:35	NT=Acetyl;AC=UNIMOD:1;PP=Protein N-term;MT=Variable	NT=Gln->pyro-Glu;TA=E;AC=UNIMOD:27;PP=Any N-term;MT=variable	NT=Gln->pyro-Glu;TA=Q;AC=UNIMOD:28;PP=Any N-term;MT=variable	"NT=Phospho;MT=Variable;TA=S,T,Y;AC=UNIMOD:21"	AC=MS:1000422;NT=HCD	20 ppm	6 ppm	20151008_QE5_UPLC10_DBJ_SA_COLON_human_46frac_46_151014230754.raw	tissue	colon