source name	characteristics[organism]	characteristics[organism part]	characteristics[ancestry category]	characteristics[age]	characteristics[sex]	characteristics[disease]	characteristics[cell type]	characteristics[developmental stage]	characteristics[individual]	characteristics[biological replicate]	assay name	comment[file uri]	comment[fraction identifier]	comment[label]	comment[cleavage agent details]	comment [cleavage agent details]	comment[fractionation method]	comment[instrument]	comment[separation]	comment[modification parameters]	comment[modification parameters]	comment[modification parameters]	comment[modification parameters]	comment[modification parameters]	comment[modification parameters]	comment[dissociation method]	comment[fragment mass tolerance]	comment[precursor mass tolerance]	comment[data file]	Material Type	factor value[organism part]
PXD004452-Sample-13	Homo sapiens	prostate	not available	not available	not available	not available	not applicable	not available	not available	not applicable	run 518	ftp://ftp.pride.ebi.ac.uk/pride/data/archive/2017/06/PXD004452/20151008_QE5_UPLC10_DBJ_SA_PROSTATE_Pt3_human_46frac_1.raw	1	AC=MS:1002038;NT=label free sample	NT=Lys-C;AC=MS:1001309	NT=Trypsin;AC=MS:1001251	AC=PRIDE:0000564; NT=High-pH reversed-phase chromatography	NT=Q Exactive;AC=MS:1001911	NT=High-pH reversed-phase chromatography;AC=PRIDE:0000564	NT=Carbamidomethyl;TA=C;AC=UNIMOD:4;MT=fixed	NT=Oxidation;MT=Variable;TA=M;AC=UNIMOD:35	NT=Acetyl;AC=UNIMOD:1;PP=Protein N-term;MT=Variable	NT=Gln->pyro-Glu;TA=E;AC=UNIMOD:27;PP=Any N-term;MT=variable	NT=Gln->pyro-Glu;TA=Q;AC=UNIMOD:28;PP=Any N-term;MT=variable	NT=Phospho;MT=Variable;TA=S,T,Y;AC=UNIMOD:21	AC=MS:1000422;NT=HCD	20 ppm	6 ppm	20151008_QE5_UPLC10_DBJ_SA_PROSTATE_Pt3_human_46frac_1.raw	tissue	prostate
PXD004452-Sample-13	Homo sapiens	prostate	not available	not available	not available	not available	not applicable	not available	not available	not applicable	run 519	ftp://ftp.pride.ebi.ac.uk/pride/data/archive/2017/06/PXD004452/20151008_QE5_UPLC10_DBJ_SA_PROSTATE_Pt3_human_46frac_2.raw	2	AC=MS:1002038;NT=label free sample	NT=Lys-C;AC=MS:1001309	NT=Trypsin;AC=MS:1001251	AC=PRIDE:0000564; NT=High-pH reversed-phase chromatography	NT=Q Exactive;AC=MS:1001911	NT=High-pH reversed-phase chromatography;AC=PRIDE:0000564	NT=Carbamidomethyl;TA=C;AC=UNIMOD:4;MT=fixed	NT=Oxidation;MT=Variable;TA=M;AC=UNIMOD:35	NT=Acetyl;AC=UNIMOD:1;PP=Protein N-term;MT=Variable	NT=Gln->pyro-Glu;TA=E;AC=UNIMOD:27;PP=Any N-term;MT=variable	NT=Gln->pyro-Glu;TA=Q;AC=UNIMOD:28;PP=Any N-term;MT=variable	NT=Phospho;MT=Variable;TA=S,T,Y;AC=UNIMOD:21	AC=MS:1000422;NT=HCD	20 ppm	6 ppm	20151008_QE5_UPLC10_DBJ_SA_PROSTATE_Pt3_human_46frac_2.raw	tissue	prostate
PXD004452-Sample-13	Homo sapiens	prostate	not available	not available	not available	not available	not applicable	not available	not available	not applicable	run 520	ftp://ftp.pride.ebi.ac.uk/pride/data/archive/2017/06/PXD004452/20151008_QE5_UPLC10_DBJ_SA_PROSTATE_Pt3_human_46frac_3.raw	3	AC=MS:1002038;NT=label free sample	NT=Lys-C;AC=MS:1001309	NT=Trypsin;AC=MS:1001251	AC=PRIDE:0000564; NT=High-pH reversed-phase chromatography	NT=Q Exactive;AC=MS:1001911	NT=High-pH reversed-phase chromatography;AC=PRIDE:0000564	NT=Carbamidomethyl;TA=C;AC=UNIMOD:4;MT=fixed	NT=Oxidation;MT=Variable;TA=M;AC=UNIMOD:35	NT=Acetyl;AC=UNIMOD:1;PP=Protein N-term;MT=Variable	NT=Gln->pyro-Glu;TA=E;AC=UNIMOD:27;PP=Any N-term;MT=variable	NT=Gln->pyro-Glu;TA=Q;AC=UNIMOD:28;PP=Any N-term;MT=variable	NT=Phospho;MT=Variable;TA=S,T,Y;AC=UNIMOD:21	AC=MS:1000422;NT=HCD	20 ppm	6 ppm	20151008_QE5_UPLC10_DBJ_SA_PROSTATE_Pt3_human_46frac_3.raw	tissue	prostate
PXD004452-Sample-13	Homo sapiens	prostate	not available	not available	not available	not available	not applicable	not available	not available	not applicable	run 521	ftp://ftp.pride.ebi.ac.uk/pride/data/archive/2017/06/PXD004452/20151008_QE5_UPLC10_DBJ_SA_PROSTATE_Pt3_human_46frac_4.raw	4	AC=MS:1002038;NT=label free sample	NT=Lys-C;AC=MS:1001309	NT=Trypsin;AC=MS:1001251	AC=PRIDE:0000564; NT=High-pH reversed-phase chromatography	NT=Q Exactive;AC=MS:1001911	NT=High-pH reversed-phase chromatography;AC=PRIDE:0000564	NT=Carbamidomethyl;TA=C;AC=UNIMOD:4;MT=fixed	NT=Oxidation;MT=Variable;TA=M;AC=UNIMOD:35	NT=Acetyl;AC=UNIMOD:1;PP=Protein N-term;MT=Variable	NT=Gln->pyro-Glu;TA=E;AC=UNIMOD:27;PP=Any N-term;MT=variable	NT=Gln->pyro-Glu;TA=Q;AC=UNIMOD:28;PP=Any N-term;MT=variable	NT=Phospho;MT=Variable;TA=S,T,Y;AC=UNIMOD:21	AC=MS:1000422;NT=HCD	20 ppm	6 ppm	20151008_QE5_UPLC10_DBJ_SA_PROSTATE_Pt3_human_46frac_4.raw	tissue	prostate
PXD004452-Sample-13	Homo sapiens	prostate	not available	not available	not available	not available	not applicable	not available	not available	not applicable	run 522	ftp://ftp.pride.ebi.ac.uk/pride/data/archive/2017/06/PXD004452/20151008_QE5_UPLC10_DBJ_SA_PROSTATE_Pt3_human_46frac_5.raw	5	AC=MS:1002038;NT=label free sample	NT=Lys-C;AC=MS:1001309	NT=Trypsin;AC=MS:1001251	AC=PRIDE:0000564; NT=High-pH reversed-phase chromatography	NT=Q Exactive;AC=MS:1001911	NT=High-pH reversed-phase chromatography;AC=PRIDE:0000564	NT=Carbamidomethyl;TA=C;AC=UNIMOD:4;MT=fixed	NT=Oxidation;MT=Variable;TA=M;AC=UNIMOD:35	NT=Acetyl;AC=UNIMOD:1;PP=Protein N-term;MT=Variable	NT=Gln->pyro-Glu;TA=E;AC=UNIMOD:27;PP=Any N-term;MT=variable	NT=Gln->pyro-Glu;TA=Q;AC=UNIMOD:28;PP=Any N-term;MT=variable	NT=Phospho;MT=Variable;TA=S,T,Y;AC=UNIMOD:21	AC=MS:1000422;NT=HCD	20 ppm	6 ppm	20151008_QE5_UPLC10_DBJ_SA_PROSTATE_Pt3_human_46frac_5.raw	tissue	prostate
PXD004452-Sample-13	Homo sapiens	prostate	not available	not available	not available	not available	not applicable	not available	not available	not applicable	run 523	ftp://ftp.pride.ebi.ac.uk/pride/data/archive/2017/06/PXD004452/20151008_QE5_UPLC10_DBJ_SA_PROSTATE_Pt3_human_46frac_6.raw	6	AC=MS:1002038;NT=label free sample	NT=Lys-C;AC=MS:1001309	NT=Trypsin;AC=MS:1001251	AC=PRIDE:0000564; NT=High-pH reversed-phase chromatography	NT=Q Exactive;AC=MS:1001911	NT=High-pH reversed-phase chromatography;AC=PRIDE:0000564	NT=Carbamidomethyl;TA=C;AC=UNIMOD:4;MT=fixed	NT=Oxidation;MT=Variable;TA=M;AC=UNIMOD:35	NT=Acetyl;AC=UNIMOD:1;PP=Protein N-term;MT=Variable	NT=Gln->pyro-Glu;TA=E;AC=UNIMOD:27;PP=Any N-term;MT=variable	NT=Gln->pyro-Glu;TA=Q;AC=UNIMOD:28;PP=Any N-term;MT=variable	NT=Phospho;MT=Variable;TA=S,T,Y;AC=UNIMOD:21	AC=MS:1000422;NT=HCD	20 ppm	6 ppm	20151008_QE5_UPLC10_DBJ_SA_PROSTATE_Pt3_human_46frac_6.raw	tissue	prostate
PXD004452-Sample-13	Homo sapiens	prostate	not available	not available	not available	not available	not applicable	not available	not available	not applicable	run 524	ftp://ftp.pride.ebi.ac.uk/pride/data/archive/2017/06/PXD004452/20151008_QE5_UPLC10_DBJ_SA_PROSTATE_Pt3_human_46frac_7.raw	7	AC=MS:1002038;NT=label free sample	NT=Lys-C;AC=MS:1001309	NT=Trypsin;AC=MS:1001251	AC=PRIDE:0000564; NT=High-pH reversed-phase chromatography	NT=Q Exactive;AC=MS:1001911	NT=High-pH reversed-phase chromatography;AC=PRIDE:0000564	NT=Carbamidomethyl;TA=C;AC=UNIMOD:4;MT=fixed	NT=Oxidation;MT=Variable;TA=M;AC=UNIMOD:35	NT=Acetyl;AC=UNIMOD:1;PP=Protein N-term;MT=Variable	NT=Gln->pyro-Glu;TA=E;AC=UNIMOD:27;PP=Any N-term;MT=variable	NT=Gln->pyro-Glu;TA=Q;AC=UNIMOD:28;PP=Any N-term;MT=variable	NT=Phospho;MT=Variable;TA=S,T,Y;AC=UNIMOD:21	AC=MS:1000422;NT=HCD	20 ppm	6 ppm	20151008_QE5_UPLC10_DBJ_SA_PROSTATE_Pt3_human_46frac_7.raw	tissue	prostate
PXD004452-Sample-13	Homo sapiens	prostate	not available	not available	not available	not available	not applicable	not available	not available	not applicable	run 525	ftp://ftp.pride.ebi.ac.uk/pride/data/archive/2017/06/PXD004452/20151008_QE5_UPLC10_DBJ_SA_PROSTATE_Pt3_human_46frac_8.raw	8	AC=MS:1002038;NT=label free sample	NT=Lys-C;AC=MS:1001309	NT=Trypsin;AC=MS:1001251	AC=PRIDE:0000564; NT=High-pH reversed-phase chromatography	NT=Q Exactive;AC=MS:1001911	NT=High-pH reversed-phase chromatography;AC=PRIDE:0000564	NT=Carbamidomethyl;TA=C;AC=UNIMOD:4;MT=fixed	NT=Oxidation;MT=Variable;TA=M;AC=UNIMOD:35	NT=Acetyl;AC=UNIMOD:1;PP=Protein N-term;MT=Variable	NT=Gln->pyro-Glu;TA=E;AC=UNIMOD:27;PP=Any N-term;MT=variable	NT=Gln->pyro-Glu;TA=Q;AC=UNIMOD:28;PP=Any N-term;MT=variable	NT=Phospho;MT=Variable;TA=S,T,Y;AC=UNIMOD:21	AC=MS:1000422;NT=HCD	20 ppm	6 ppm	20151008_QE5_UPLC10_DBJ_SA_PROSTATE_Pt3_human_46frac_8.raw	tissue	prostate
PXD004452-Sample-13	Homo sapiens	prostate	not available	not available	not available	not available	not applicable	not available	not available	not applicable	run 526	ftp://ftp.pride.ebi.ac.uk/pride/data/archive/2017/06/PXD004452/20151008_QE5_UPLC10_DBJ_SA_PROSTATE_Pt3_human_46frac_9.raw	9	AC=MS:1002038;NT=label free sample	NT=Lys-C;AC=MS:1001309	NT=Trypsin;AC=MS:1001251	AC=PRIDE:0000564; NT=High-pH reversed-phase chromatography	NT=Q Exactive;AC=MS:1001911	NT=High-pH reversed-phase chromatography;AC=PRIDE:0000564	NT=Carbamidomethyl;TA=C;AC=UNIMOD:4;MT=fixed	NT=Oxidation;MT=Variable;TA=M;AC=UNIMOD:35	NT=Acetyl;AC=UNIMOD:1;PP=Protein N-term;MT=Variable	NT=Gln->pyro-Glu;TA=E;AC=UNIMOD:27;PP=Any N-term;MT=variable	NT=Gln->pyro-Glu;TA=Q;AC=UNIMOD:28;PP=Any N-term;MT=variable	NT=Phospho;MT=Variable;TA=S,T,Y;AC=UNIMOD:21	AC=MS:1000422;NT=HCD	20 ppm	6 ppm	20151008_QE5_UPLC10_DBJ_SA_PROSTATE_Pt3_human_46frac_9.raw	tissue	prostate
PXD004452-Sample-13	Homo sapiens	prostate	not available	not available	not available	not available	not applicable	not available	not available	not applicable	run 527	ftp://ftp.pride.ebi.ac.uk/pride/data/archive/2017/06/PXD004452/20151008_QE5_UPLC10_DBJ_SA_PROSTATE_Pt3_human_46frac_10.raw	10	AC=MS:1002038;NT=label free sample	NT=Lys-C;AC=MS:1001309	NT=Trypsin;AC=MS:1001251	AC=PRIDE:0000564; NT=High-pH reversed-phase chromatography	NT=Q Exactive;AC=MS:1001911	NT=High-pH reversed-phase chromatography;AC=PRIDE:0000564	NT=Carbamidomethyl;TA=C;AC=UNIMOD:4;MT=fixed	NT=Oxidation;MT=Variable;TA=M;AC=UNIMOD:35	NT=Acetyl;AC=UNIMOD:1;PP=Protein N-term;MT=Variable	NT=Gln->pyro-Glu;TA=E;AC=UNIMOD:27;PP=Any N-term;MT=variable	NT=Gln->pyro-Glu;TA=Q;AC=UNIMOD:28;PP=Any N-term;MT=variable	NT=Phospho;MT=Variable;TA=S,T,Y;AC=UNIMOD:21	AC=MS:1000422;NT=HCD	20 ppm	6 ppm	20151008_QE5_UPLC10_DBJ_SA_PROSTATE_Pt3_human_46frac_10.raw	tissue	prostate
PXD004452-Sample-13	Homo sapiens	prostate	not available	not available	not available	not available	not applicable	not available	not available	not applicable	run 528	ftp://ftp.pride.ebi.ac.uk/pride/data/archive/2017/06/PXD004452/20151008_QE5_UPLC10_DBJ_SA_PROSTATE_Pt3_human_46frac_11.raw	11	AC=MS:1002038;NT=label free sample	NT=Lys-C;AC=MS:1001309	NT=Trypsin;AC=MS:1001251	AC=PRIDE:0000564; NT=High-pH reversed-phase chromatography	NT=Q Exactive;AC=MS:1001911	NT=High-pH reversed-phase chromatography;AC=PRIDE:0000564	NT=Carbamidomethyl;TA=C;AC=UNIMOD:4;MT=fixed	NT=Oxidation;MT=Variable;TA=M;AC=UNIMOD:35	NT=Acetyl;AC=UNIMOD:1;PP=Protein N-term;MT=Variable	NT=Gln->pyro-Glu;TA=E;AC=UNIMOD:27;PP=Any N-term;MT=variable	NT=Gln->pyro-Glu;TA=Q;AC=UNIMOD:28;PP=Any N-term;MT=variable	NT=Phospho;MT=Variable;TA=S,T,Y;AC=UNIMOD:21	AC=MS:1000422;NT=HCD	20 ppm	6 ppm	20151008_QE5_UPLC10_DBJ_SA_PROSTATE_Pt3_human_46frac_11.raw	tissue	prostate
PXD004452-Sample-13	Homo sapiens	prostate	not available	not available	not available	not available	not applicable	not available	not available	not applicable	run 529	ftp://ftp.pride.ebi.ac.uk/pride/data/archive/2017/06/PXD004452/20151008_QE5_UPLC10_DBJ_SA_PROSTATE_Pt3_human_46frac_12.raw	12	AC=MS:1002038;NT=label free sample	NT=Lys-C;AC=MS:1001309	NT=Trypsin;AC=MS:1001251	AC=PRIDE:0000564; NT=High-pH reversed-phase chromatography	NT=Q Exactive;AC=MS:1001911	NT=High-pH reversed-phase chromatography;AC=PRIDE:0000564	NT=Carbamidomethyl;TA=C;AC=UNIMOD:4;MT=fixed	NT=Oxidation;MT=Variable;TA=M;AC=UNIMOD:35	NT=Acetyl;AC=UNIMOD:1;PP=Protein N-term;MT=Variable	NT=Gln->pyro-Glu;TA=E;AC=UNIMOD:27;PP=Any N-term;MT=variable	NT=Gln->pyro-Glu;TA=Q;AC=UNIMOD:28;PP=Any N-term;MT=variable	NT=Phospho;MT=Variable;TA=S,T,Y;AC=UNIMOD:21	AC=MS:1000422;NT=HCD	20 ppm	6 ppm	20151008_QE5_UPLC10_DBJ_SA_PROSTATE_Pt3_human_46frac_12.raw	tissue	prostate
PXD004452-Sample-13	Homo sapiens	prostate	not available	not available	not available	not available	not applicable	not available	not available	not applicable	run 530	ftp://ftp.pride.ebi.ac.uk/pride/data/archive/2017/06/PXD004452/20151008_QE5_UPLC10_DBJ_SA_PROSTATE_Pt3_human_46frac_13.raw	13	AC=MS:1002038;NT=label free sample	NT=Lys-C;AC=MS:1001309	NT=Trypsin;AC=MS:1001251	AC=PRIDE:0000564; NT=High-pH reversed-phase chromatography	NT=Q Exactive;AC=MS:1001911	NT=High-pH reversed-phase chromatography;AC=PRIDE:0000564	NT=Carbamidomethyl;TA=C;AC=UNIMOD:4;MT=fixed	NT=Oxidation;MT=Variable;TA=M;AC=UNIMOD:35	NT=Acetyl;AC=UNIMOD:1;PP=Protein N-term;MT=Variable	NT=Gln->pyro-Glu;TA=E;AC=UNIMOD:27;PP=Any N-term;MT=variable	NT=Gln->pyro-Glu;TA=Q;AC=UNIMOD:28;PP=Any N-term;MT=variable	NT=Phospho;MT=Variable;TA=S,T,Y;AC=UNIMOD:21	AC=MS:1000422;NT=HCD	20 ppm	6 ppm	20151008_QE5_UPLC10_DBJ_SA_PROSTATE_Pt3_human_46frac_13.raw	tissue	prostate
PXD004452-Sample-13	Homo sapiens	prostate	not available	not available	not available	not available	not applicable	not available	not available	not applicable	run 531	ftp://ftp.pride.ebi.ac.uk/pride/data/archive/2017/06/PXD004452/20151008_QE5_UPLC10_DBJ_SA_PROSTATE_Pt3_human_46frac_14.raw	14	AC=MS:1002038;NT=label free sample	NT=Lys-C;AC=MS:1001309	NT=Trypsin;AC=MS:1001251	AC=PRIDE:0000564; NT=High-pH reversed-phase chromatography	NT=Q Exactive;AC=MS:1001911	NT=High-pH reversed-phase chromatography;AC=PRIDE:0000564	NT=Carbamidomethyl;TA=C;AC=UNIMOD:4;MT=fixed	NT=Oxidation;MT=Variable;TA=M;AC=UNIMOD:35	NT=Acetyl;AC=UNIMOD:1;PP=Protein N-term;MT=Variable	NT=Gln->pyro-Glu;TA=E;AC=UNIMOD:27;PP=Any N-term;MT=variable	NT=Gln->pyro-Glu;TA=Q;AC=UNIMOD:28;PP=Any N-term;MT=variable	NT=Phospho;MT=Variable;TA=S,T,Y;AC=UNIMOD:21	AC=MS:1000422;NT=HCD	20 ppm	6 ppm	20151008_QE5_UPLC10_DBJ_SA_PROSTATE_Pt3_human_46frac_14.raw	tissue	prostate
PXD004452-Sample-13	Homo sapiens	prostate	not available	not available	not available	not available	not applicable	not available	not available	not applicable	run 532	ftp://ftp.pride.ebi.ac.uk/pride/data/archive/2017/06/PXD004452/20151008_QE5_UPLC10_DBJ_SA_PROSTATE_Pt3_human_46frac_15.raw	15	AC=MS:1002038;NT=label free sample	NT=Lys-C;AC=MS:1001309	NT=Trypsin;AC=MS:1001251	AC=PRIDE:0000564; NT=High-pH reversed-phase chromatography	NT=Q Exactive;AC=MS:1001911	NT=High-pH reversed-phase chromatography;AC=PRIDE:0000564	NT=Carbamidomethyl;TA=C;AC=UNIMOD:4;MT=fixed	NT=Oxidation;MT=Variable;TA=M;AC=UNIMOD:35	NT=Acetyl;AC=UNIMOD:1;PP=Protein N-term;MT=Variable	NT=Gln->pyro-Glu;TA=E;AC=UNIMOD:27;PP=Any N-term;MT=variable	NT=Gln->pyro-Glu;TA=Q;AC=UNIMOD:28;PP=Any N-term;MT=variable	NT=Phospho;MT=Variable;TA=S,T,Y;AC=UNIMOD:21	AC=MS:1000422;NT=HCD	20 ppm	6 ppm	20151008_QE5_UPLC10_DBJ_SA_PROSTATE_Pt3_human_46frac_15.raw	tissue	prostate
PXD004452-Sample-13	Homo sapiens	prostate	not available	not available	not available	not available	not applicable	not available	not available	not applicable	run 533	ftp://ftp.pride.ebi.ac.uk/pride/data/archive/2017/06/PXD004452/20151008_QE5_UPLC10_DBJ_SA_PROSTATE_Pt3_human_46frac_16.raw	16	AC=MS:1002038;NT=label free sample	NT=Lys-C;AC=MS:1001309	NT=Trypsin;AC=MS:1001251	AC=PRIDE:0000564; NT=High-pH reversed-phase chromatography	NT=Q Exactive;AC=MS:1001911	NT=High-pH reversed-phase chromatography;AC=PRIDE:0000564	NT=Carbamidomethyl;TA=C;AC=UNIMOD:4;MT=fixed	NT=Oxidation;MT=Variable;TA=M;AC=UNIMOD:35	NT=Acetyl;AC=UNIMOD:1;PP=Protein N-term;MT=Variable	NT=Gln->pyro-Glu;TA=E;AC=UNIMOD:27;PP=Any N-term;MT=variable	NT=Gln->pyro-Glu;TA=Q;AC=UNIMOD:28;PP=Any N-term;MT=variable	NT=Phospho;MT=Variable;TA=S,T,Y;AC=UNIMOD:21	AC=MS:1000422;NT=HCD	20 ppm	6 ppm	20151008_QE5_UPLC10_DBJ_SA_PROSTATE_Pt3_human_46frac_16.raw	tissue	prostate
PXD004452-Sample-13	Homo sapiens	prostate	not available	not available	not available	not available	not applicable	not available	not available	not applicable	run 534	ftp://ftp.pride.ebi.ac.uk/pride/data/archive/2017/06/PXD004452/20151008_QE5_UPLC10_DBJ_SA_PROSTATE_Pt3_human_46frac_17.raw	17	AC=MS:1002038;NT=label free sample	NT=Lys-C;AC=MS:1001309	NT=Trypsin;AC=MS:1001251	AC=PRIDE:0000564; NT=High-pH reversed-phase chromatography	NT=Q Exactive;AC=MS:1001911	NT=High-pH reversed-phase chromatography;AC=PRIDE:0000564	NT=Carbamidomethyl;TA=C;AC=UNIMOD:4;MT=fixed	NT=Oxidation;MT=Variable;TA=M;AC=UNIMOD:35	NT=Acetyl;AC=UNIMOD:1;PP=Protein N-term;MT=Variable	NT=Gln->pyro-Glu;TA=E;AC=UNIMOD:27;PP=Any N-term;MT=variable	NT=Gln->pyro-Glu;TA=Q;AC=UNIMOD:28;PP=Any N-term;MT=variable	NT=Phospho;MT=Variable;TA=S,T,Y;AC=UNIMOD:21	AC=MS:1000422;NT=HCD	20 ppm	6 ppm	20151008_QE5_UPLC10_DBJ_SA_PROSTATE_Pt3_human_46frac_17.raw	tissue	prostate
PXD004452-Sample-13	Homo sapiens	prostate	not available	not available	not available	not available	not applicable	not available	not available	not applicable	run 535	ftp://ftp.pride.ebi.ac.uk/pride/data/archive/2017/06/PXD004452/20151008_QE5_UPLC10_DBJ_SA_PROSTATE_Pt3_human_46frac_18.raw	18	AC=MS:1002038;NT=label free sample	NT=Lys-C;AC=MS:1001309	NT=Trypsin;AC=MS:1001251	AC=PRIDE:0000564; NT=High-pH reversed-phase chromatography	NT=Q Exactive;AC=MS:1001911	NT=High-pH reversed-phase chromatography;AC=PRIDE:0000564	NT=Carbamidomethyl;TA=C;AC=UNIMOD:4;MT=fixed	NT=Oxidation;MT=Variable;TA=M;AC=UNIMOD:35	NT=Acetyl;AC=UNIMOD:1;PP=Protein N-term;MT=Variable	NT=Gln->pyro-Glu;TA=E;AC=UNIMOD:27;PP=Any N-term;MT=variable	NT=Gln->pyro-Glu;TA=Q;AC=UNIMOD:28;PP=Any N-term;MT=variable	NT=Phospho;MT=Variable;TA=S,T,Y;AC=UNIMOD:21	AC=MS:1000422;NT=HCD	20 ppm	6 ppm	20151008_QE5_UPLC10_DBJ_SA_PROSTATE_Pt3_human_46frac_18.raw	tissue	prostate
PXD004452-Sample-13	Homo sapiens	prostate	not available	not available	not available	not available	not applicable	not available	not available	not applicable	run 536	ftp://ftp.pride.ebi.ac.uk/pride/data/archive/2017/06/PXD004452/20151008_QE5_UPLC10_DBJ_SA_PROSTATE_Pt3_human_46frac_19.raw	19	AC=MS:1002038;NT=label free sample	NT=Lys-C;AC=MS:1001309	NT=Trypsin;AC=MS:1001251	AC=PRIDE:0000564; NT=High-pH reversed-phase chromatography	NT=Q Exactive;AC=MS:1001911	NT=High-pH reversed-phase chromatography;AC=PRIDE:0000564	NT=Carbamidomethyl;TA=C;AC=UNIMOD:4;MT=fixed	NT=Oxidation;MT=Variable;TA=M;AC=UNIMOD:35	NT=Acetyl;AC=UNIMOD:1;PP=Protein N-term;MT=Variable	NT=Gln->pyro-Glu;TA=E;AC=UNIMOD:27;PP=Any N-term;MT=variable	NT=Gln->pyro-Glu;TA=Q;AC=UNIMOD:28;PP=Any N-term;MT=variable	NT=Phospho;MT=Variable;TA=S,T,Y;AC=UNIMOD:21	AC=MS:1000422;NT=HCD	20 ppm	6 ppm	20151008_QE5_UPLC10_DBJ_SA_PROSTATE_Pt3_human_46frac_19.raw	tissue	prostate
PXD004452-Sample-13	Homo sapiens	prostate	not available	not available	not available	not available	not applicable	not available	not available	not applicable	run 537	ftp://ftp.pride.ebi.ac.uk/pride/data/archive/2017/06/PXD004452/20151008_QE5_UPLC10_DBJ_SA_PROSTATE_Pt3_human_46frac_20.raw	20	AC=MS:1002038;NT=label free sample	NT=Lys-C;AC=MS:1001309	NT=Trypsin;AC=MS:1001251	AC=PRIDE:0000564; NT=High-pH reversed-phase chromatography	NT=Q Exactive;AC=MS:1001911	NT=High-pH reversed-phase chromatography;AC=PRIDE:0000564	NT=Carbamidomethyl;TA=C;AC=UNIMOD:4;MT=fixed	NT=Oxidation;MT=Variable;TA=M;AC=UNIMOD:35	NT=Acetyl;AC=UNIMOD:1;PP=Protein N-term;MT=Variable	NT=Gln->pyro-Glu;TA=E;AC=UNIMOD:27;PP=Any N-term;MT=variable	NT=Gln->pyro-Glu;TA=Q;AC=UNIMOD:28;PP=Any N-term;MT=variable	NT=Phospho;MT=Variable;TA=S,T,Y;AC=UNIMOD:21	AC=MS:1000422;NT=HCD	20 ppm	6 ppm	20151008_QE5_UPLC10_DBJ_SA_PROSTATE_Pt3_human_46frac_20.raw	tissue	prostate
PXD004452-Sample-13	Homo sapiens	prostate	not available	not available	not available	not available	not applicable	not available	not available	not applicable	run 538	ftp://ftp.pride.ebi.ac.uk/pride/data/archive/2017/06/PXD004452/20151008_QE5_UPLC10_DBJ_SA_PROSTATE_Pt3_human_46frac_21.raw	21	AC=MS:1002038;NT=label free sample	NT=Lys-C;AC=MS:1001309	NT=Trypsin;AC=MS:1001251	AC=PRIDE:0000564; NT=High-pH reversed-phase chromatography	NT=Q Exactive;AC=MS:1001911	NT=High-pH reversed-phase chromatography;AC=PRIDE:0000564	NT=Carbamidomethyl;TA=C;AC=UNIMOD:4;MT=fixed	NT=Oxidation;MT=Variable;TA=M;AC=UNIMOD:35	NT=Acetyl;AC=UNIMOD:1;PP=Protein N-term;MT=Variable	NT=Gln->pyro-Glu;TA=E;AC=UNIMOD:27;PP=Any N-term;MT=variable	NT=Gln->pyro-Glu;TA=Q;AC=UNIMOD:28;PP=Any N-term;MT=variable	NT=Phospho;MT=Variable;TA=S,T,Y;AC=UNIMOD:21	AC=MS:1000422;NT=HCD	20 ppm	6 ppm	20151008_QE5_UPLC10_DBJ_SA_PROSTATE_Pt3_human_46frac_21.raw	tissue	prostate
PXD004452-Sample-13	Homo sapiens	prostate	not available	not available	not available	not available	not applicable	not available	not available	not applicable	run 539	ftp://ftp.pride.ebi.ac.uk/pride/data/archive/2017/06/PXD004452/20151008_QE5_UPLC10_DBJ_SA_PROSTATE_Pt3_human_46frac_22.raw	22	AC=MS:1002038;NT=label free sample	NT=Lys-C;AC=MS:1001309	NT=Trypsin;AC=MS:1001251	AC=PRIDE:0000564; NT=High-pH reversed-phase chromatography	NT=Q Exactive;AC=MS:1001911	NT=High-pH reversed-phase chromatography;AC=PRIDE:0000564	NT=Carbamidomethyl;TA=C;AC=UNIMOD:4;MT=fixed	NT=Oxidation;MT=Variable;TA=M;AC=UNIMOD:35	NT=Acetyl;AC=UNIMOD:1;PP=Protein N-term;MT=Variable	NT=Gln->pyro-Glu;TA=E;AC=UNIMOD:27;PP=Any N-term;MT=variable	NT=Gln->pyro-Glu;TA=Q;AC=UNIMOD:28;PP=Any N-term;MT=variable	NT=Phospho;MT=Variable;TA=S,T,Y;AC=UNIMOD:21	AC=MS:1000422;NT=HCD	20 ppm	6 ppm	20151008_QE5_UPLC10_DBJ_SA_PROSTATE_Pt3_human_46frac_22.raw	tissue	prostate
PXD004452-Sample-13	Homo sapiens	prostate	not available	not available	not available	not available	not applicable	not available	not available	not applicable	run 540	ftp://ftp.pride.ebi.ac.uk/pride/data/archive/2017/06/PXD004452/20151008_QE5_UPLC10_DBJ_SA_PROSTATE_Pt3_human_46frac_23.raw	23	AC=MS:1002038;NT=label free sample	NT=Lys-C;AC=MS:1001309	NT=Trypsin;AC=MS:1001251	AC=PRIDE:0000564; NT=High-pH reversed-phase chromatography	NT=Q Exactive;AC=MS:1001911	NT=High-pH reversed-phase chromatography;AC=PRIDE:0000564	NT=Carbamidomethyl;TA=C;AC=UNIMOD:4;MT=fixed	NT=Oxidation;MT=Variable;TA=M;AC=UNIMOD:35	NT=Acetyl;AC=UNIMOD:1;PP=Protein N-term;MT=Variable	NT=Gln->pyro-Glu;TA=E;AC=UNIMOD:27;PP=Any N-term;MT=variable	NT=Gln->pyro-Glu;TA=Q;AC=UNIMOD:28;PP=Any N-term;MT=variable	NT=Phospho;MT=Variable;TA=S,T,Y;AC=UNIMOD:21	AC=MS:1000422;NT=HCD	20 ppm	6 ppm	20151008_QE5_UPLC10_DBJ_SA_PROSTATE_Pt3_human_46frac_23.raw	tissue	prostate
PXD004452-Sample-13	Homo sapiens	prostate	not available	not available	not available	not available	not applicable	not available	not available	not applicable	run 541	ftp://ftp.pride.ebi.ac.uk/pride/data/archive/2017/06/PXD004452/20151008_QE5_UPLC10_DBJ_SA_PROSTATE_Pt3_human_46frac_24.raw	24	AC=MS:1002038;NT=label free sample	NT=Lys-C;AC=MS:1001309	NT=Trypsin;AC=MS:1001251	AC=PRIDE:0000564; NT=High-pH reversed-phase chromatography	NT=Q Exactive;AC=MS:1001911	NT=High-pH reversed-phase chromatography;AC=PRIDE:0000564	NT=Carbamidomethyl;TA=C;AC=UNIMOD:4;MT=fixed	NT=Oxidation;MT=Variable;TA=M;AC=UNIMOD:35	NT=Acetyl;AC=UNIMOD:1;PP=Protein N-term;MT=Variable	NT=Gln->pyro-Glu;TA=E;AC=UNIMOD:27;PP=Any N-term;MT=variable	NT=Gln->pyro-Glu;TA=Q;AC=UNIMOD:28;PP=Any N-term;MT=variable	NT=Phospho;MT=Variable;TA=S,T,Y;AC=UNIMOD:21	AC=MS:1000422;NT=HCD	20 ppm	6 ppm	20151008_QE5_UPLC10_DBJ_SA_PROSTATE_Pt3_human_46frac_24.raw	tissue	prostate
PXD004452-Sample-13	Homo sapiens	prostate	not available	not available	not available	not available	not applicable	not available	not available	not applicable	run 542	ftp://ftp.pride.ebi.ac.uk/pride/data/archive/2017/06/PXD004452/20151008_QE5_UPLC10_DBJ_SA_PROSTATE_Pt3_human_46frac_25.raw	25	AC=MS:1002038;NT=label free sample	NT=Lys-C;AC=MS:1001309	NT=Trypsin;AC=MS:1001251	AC=PRIDE:0000564; NT=High-pH reversed-phase chromatography	NT=Q Exactive;AC=MS:1001911	NT=High-pH reversed-phase chromatography;AC=PRIDE:0000564	NT=Carbamidomethyl;TA=C;AC=UNIMOD:4;MT=fixed	NT=Oxidation;MT=Variable;TA=M;AC=UNIMOD:35	NT=Acetyl;AC=UNIMOD:1;PP=Protein N-term;MT=Variable	NT=Gln->pyro-Glu;TA=E;AC=UNIMOD:27;PP=Any N-term;MT=variable	NT=Gln->pyro-Glu;TA=Q;AC=UNIMOD:28;PP=Any N-term;MT=variable	NT=Phospho;MT=Variable;TA=S,T,Y;AC=UNIMOD:21	AC=MS:1000422;NT=HCD	20 ppm	6 ppm	20151008_QE5_UPLC10_DBJ_SA_PROSTATE_Pt3_human_46frac_25.raw	tissue	prostate
PXD004452-Sample-13	Homo sapiens	prostate	not available	not available	not available	not available	not applicable	not available	not available	not applicable	run 543	ftp://ftp.pride.ebi.ac.uk/pride/data/archive/2017/06/PXD004452/20151008_QE5_UPLC10_DBJ_SA_PROSTATE_Pt3_human_46frac_26.raw	26	AC=MS:1002038;NT=label free sample	NT=Lys-C;AC=MS:1001309	NT=Trypsin;AC=MS:1001251	AC=PRIDE:0000564; NT=High-pH reversed-phase chromatography	NT=Q Exactive;AC=MS:1001911	NT=High-pH reversed-phase chromatography;AC=PRIDE:0000564	NT=Carbamidomethyl;TA=C;AC=UNIMOD:4;MT=fixed	NT=Oxidation;MT=Variable;TA=M;AC=UNIMOD:35	NT=Acetyl;AC=UNIMOD:1;PP=Protein N-term;MT=Variable	NT=Gln->pyro-Glu;TA=E;AC=UNIMOD:27;PP=Any N-term;MT=variable	NT=Gln->pyro-Glu;TA=Q;AC=UNIMOD:28;PP=Any N-term;MT=variable	NT=Phospho;MT=Variable;TA=S,T,Y;AC=UNIMOD:21	AC=MS:1000422;NT=HCD	20 ppm	6 ppm	20151008_QE5_UPLC10_DBJ_SA_PROSTATE_Pt3_human_46frac_26.raw	tissue	prostate
PXD004452-Sample-13	Homo sapiens	prostate	not available	not available	not available	not available	not applicable	not available	not available	not applicable	run 544	ftp://ftp.pride.ebi.ac.uk/pride/data/archive/2017/06/PXD004452/20151008_QE5_UPLC10_DBJ_SA_PROSTATE_Pt3_human_46frac_27.raw	27	AC=MS:1002038;NT=label free sample	NT=Lys-C;AC=MS:1001309	NT=Trypsin;AC=MS:1001251	AC=PRIDE:0000564; NT=High-pH reversed-phase chromatography	NT=Q Exactive;AC=MS:1001911	NT=High-pH reversed-phase chromatography;AC=PRIDE:0000564	NT=Carbamidomethyl;TA=C;AC=UNIMOD:4;MT=fixed	NT=Oxidation;MT=Variable;TA=M;AC=UNIMOD:35	NT=Acetyl;AC=UNIMOD:1;PP=Protein N-term;MT=Variable	NT=Gln->pyro-Glu;TA=E;AC=UNIMOD:27;PP=Any N-term;MT=variable	NT=Gln->pyro-Glu;TA=Q;AC=UNIMOD:28;PP=Any N-term;MT=variable	NT=Phospho;MT=Variable;TA=S,T,Y;AC=UNIMOD:21	AC=MS:1000422;NT=HCD	20 ppm	6 ppm	20151008_QE5_UPLC10_DBJ_SA_PROSTATE_Pt3_human_46frac_27.raw	tissue	prostate
PXD004452-Sample-13	Homo sapiens	prostate	not available	not available	not available	not available	not applicable	not available	not available	not applicable	run 545	ftp://ftp.pride.ebi.ac.uk/pride/data/archive/2017/06/PXD004452/20151008_QE5_UPLC10_DBJ_SA_PROSTATE_Pt3_human_46frac_28.raw	28	AC=MS:1002038;NT=label free sample	NT=Lys-C;AC=MS:1001309	NT=Trypsin;AC=MS:1001251	AC=PRIDE:0000564; NT=High-pH reversed-phase chromatography	NT=Q Exactive;AC=MS:1001911	NT=High-pH reversed-phase chromatography;AC=PRIDE:0000564	NT=Carbamidomethyl;TA=C;AC=UNIMOD:4;MT=fixed	NT=Oxidation;MT=Variable;TA=M;AC=UNIMOD:35	NT=Acetyl;AC=UNIMOD:1;PP=Protein N-term;MT=Variable	NT=Gln->pyro-Glu;TA=E;AC=UNIMOD:27;PP=Any N-term;MT=variable	NT=Gln->pyro-Glu;TA=Q;AC=UNIMOD:28;PP=Any N-term;MT=variable	NT=Phospho;MT=Variable;TA=S,T,Y;AC=UNIMOD:21	AC=MS:1000422;NT=HCD	20 ppm	6 ppm	20151008_QE5_UPLC10_DBJ_SA_PROSTATE_Pt3_human_46frac_28.raw	tissue	prostate
PXD004452-Sample-13	Homo sapiens	prostate	not available	not available	not available	not available	not applicable	not available	not available	not applicable	run 546	ftp://ftp.pride.ebi.ac.uk/pride/data/archive/2017/06/PXD004452/20151008_QE5_UPLC10_DBJ_SA_PROSTATE_Pt3_human_46frac_29.raw	29	AC=MS:1002038;NT=label free sample	NT=Lys-C;AC=MS:1001309	NT=Trypsin;AC=MS:1001251	AC=PRIDE:0000564; NT=High-pH reversed-phase chromatography	NT=Q Exactive;AC=MS:1001911	NT=High-pH reversed-phase chromatography;AC=PRIDE:0000564	NT=Carbamidomethyl;TA=C;AC=UNIMOD:4;MT=fixed	NT=Oxidation;MT=Variable;TA=M;AC=UNIMOD:35	NT=Acetyl;AC=UNIMOD:1;PP=Protein N-term;MT=Variable	NT=Gln->pyro-Glu;TA=E;AC=UNIMOD:27;PP=Any N-term;MT=variable	NT=Gln->pyro-Glu;TA=Q;AC=UNIMOD:28;PP=Any N-term;MT=variable	NT=Phospho;MT=Variable;TA=S,T,Y;AC=UNIMOD:21	AC=MS:1000422;NT=HCD	20 ppm	6 ppm	20151008_QE5_UPLC10_DBJ_SA_PROSTATE_Pt3_human_46frac_29.raw	tissue	prostate
PXD004452-Sample-13	Homo sapiens	prostate	not available	not available	not available	not available	not applicable	not available	not available	not applicable	run 547	ftp://ftp.pride.ebi.ac.uk/pride/data/archive/2017/06/PXD004452/20151008_QE5_UPLC10_DBJ_SA_PROSTATE_Pt3_human_46frac_30.raw	30	AC=MS:1002038;NT=label free sample	NT=Lys-C;AC=MS:1001309	NT=Trypsin;AC=MS:1001251	AC=PRIDE:0000564; NT=High-pH reversed-phase chromatography	NT=Q Exactive;AC=MS:1001911	NT=High-pH reversed-phase chromatography;AC=PRIDE:0000564	NT=Carbamidomethyl;TA=C;AC=UNIMOD:4;MT=fixed	NT=Oxidation;MT=Variable;TA=M;AC=UNIMOD:35	NT=Acetyl;AC=UNIMOD:1;PP=Protein N-term;MT=Variable	NT=Gln->pyro-Glu;TA=E;AC=UNIMOD:27;PP=Any N-term;MT=variable	NT=Gln->pyro-Glu;TA=Q;AC=UNIMOD:28;PP=Any N-term;MT=variable	NT=Phospho;MT=Variable;TA=S,T,Y;AC=UNIMOD:21	AC=MS:1000422;NT=HCD	20 ppm	6 ppm	20151008_QE5_UPLC10_DBJ_SA_PROSTATE_Pt3_human_46frac_30.raw	tissue	prostate
PXD004452-Sample-13	Homo sapiens	prostate	not available	not available	not available	not available	not applicable	not available	not available	not applicable	run 548	ftp://ftp.pride.ebi.ac.uk/pride/data/archive/2017/06/PXD004452/20151008_QE5_UPLC10_DBJ_SA_PROSTATE_Pt3_human_46frac_31.raw	31	AC=MS:1002038;NT=label free sample	NT=Lys-C;AC=MS:1001309	NT=Trypsin;AC=MS:1001251	AC=PRIDE:0000564; NT=High-pH reversed-phase chromatography	NT=Q Exactive;AC=MS:1001911	NT=High-pH reversed-phase chromatography;AC=PRIDE:0000564	NT=Carbamidomethyl;TA=C;AC=UNIMOD:4;MT=fixed	NT=Oxidation;MT=Variable;TA=M;AC=UNIMOD:35	NT=Acetyl;AC=UNIMOD:1;PP=Protein N-term;MT=Variable	NT=Gln->pyro-Glu;TA=E;AC=UNIMOD:27;PP=Any N-term;MT=variable	NT=Gln->pyro-Glu;TA=Q;AC=UNIMOD:28;PP=Any N-term;MT=variable	NT=Phospho;MT=Variable;TA=S,T,Y;AC=UNIMOD:21	AC=MS:1000422;NT=HCD	20 ppm	6 ppm	20151008_QE5_UPLC10_DBJ_SA_PROSTATE_Pt3_human_46frac_31.raw	tissue	prostate
PXD004452-Sample-13	Homo sapiens	prostate	not available	not available	not available	not available	not applicable	not available	not available	not applicable	run 549	ftp://ftp.pride.ebi.ac.uk/pride/data/archive/2017/06/PXD004452/20151008_QE5_UPLC10_DBJ_SA_PROSTATE_Pt3_human_46frac_32.raw	32	AC=MS:1002038;NT=label free sample	NT=Lys-C;AC=MS:1001309	NT=Trypsin;AC=MS:1001251	AC=PRIDE:0000564; NT=High-pH reversed-phase chromatography	NT=Q Exactive;AC=MS:1001911	NT=High-pH reversed-phase chromatography;AC=PRIDE:0000564	NT=Carbamidomethyl;TA=C;AC=UNIMOD:4;MT=fixed	NT=Oxidation;MT=Variable;TA=M;AC=UNIMOD:35	NT=Acetyl;AC=UNIMOD:1;PP=Protein N-term;MT=Variable	NT=Gln->pyro-Glu;TA=E;AC=UNIMOD:27;PP=Any N-term;MT=variable	NT=Gln->pyro-Glu;TA=Q;AC=UNIMOD:28;PP=Any N-term;MT=variable	NT=Phospho;MT=Variable;TA=S,T,Y;AC=UNIMOD:21	AC=MS:1000422;NT=HCD	20 ppm	6 ppm	20151008_QE5_UPLC10_DBJ_SA_PROSTATE_Pt3_human_46frac_32.raw	tissue	prostate
PXD004452-Sample-13	Homo sapiens	prostate	not available	not available	not available	not available	not applicable	not available	not available	not applicable	run 550	ftp://ftp.pride.ebi.ac.uk/pride/data/archive/2017/06/PXD004452/20151008_QE5_UPLC10_DBJ_SA_PROSTATE_Pt3_human_46frac_33.raw	33	AC=MS:1002038;NT=label free sample	NT=Lys-C;AC=MS:1001309	NT=Trypsin;AC=MS:1001251	AC=PRIDE:0000564; NT=High-pH reversed-phase chromatography	NT=Q Exactive;AC=MS:1001911	NT=High-pH reversed-phase chromatography;AC=PRIDE:0000564	NT=Carbamidomethyl;TA=C;AC=UNIMOD:4;MT=fixed	NT=Oxidation;MT=Variable;TA=M;AC=UNIMOD:35	NT=Acetyl;AC=UNIMOD:1;PP=Protein N-term;MT=Variable	NT=Gln->pyro-Glu;TA=E;AC=UNIMOD:27;PP=Any N-term;MT=variable	NT=Gln->pyro-Glu;TA=Q;AC=UNIMOD:28;PP=Any N-term;MT=variable	NT=Phospho;MT=Variable;TA=S,T,Y;AC=UNIMOD:21	AC=MS:1000422;NT=HCD	20 ppm	6 ppm	20151008_QE5_UPLC10_DBJ_SA_PROSTATE_Pt3_human_46frac_33.raw	tissue	prostate
PXD004452-Sample-13	Homo sapiens	prostate	not available	not available	not available	not available	not applicable	not available	not available	not applicable	run 551	ftp://ftp.pride.ebi.ac.uk/pride/data/archive/2017/06/PXD004452/20151008_QE5_UPLC10_DBJ_SA_PROSTATE_Pt3_human_46frac_34.raw	34	AC=MS:1002038;NT=label free sample	NT=Lys-C;AC=MS:1001309	NT=Trypsin;AC=MS:1001251	AC=PRIDE:0000564; NT=High-pH reversed-phase chromatography	NT=Q Exactive;AC=MS:1001911	NT=High-pH reversed-phase chromatography;AC=PRIDE:0000564	NT=Carbamidomethyl;TA=C;AC=UNIMOD:4;MT=fixed	NT=Oxidation;MT=Variable;TA=M;AC=UNIMOD:35	NT=Acetyl;AC=UNIMOD:1;PP=Protein N-term;MT=Variable	NT=Gln->pyro-Glu;TA=E;AC=UNIMOD:27;PP=Any N-term;MT=variable	NT=Gln->pyro-Glu;TA=Q;AC=UNIMOD:28;PP=Any N-term;MT=variable	NT=Phospho;MT=Variable;TA=S,T,Y;AC=UNIMOD:21	AC=MS:1000422;NT=HCD	20 ppm	6 ppm	20151008_QE5_UPLC10_DBJ_SA_PROSTATE_Pt3_human_46frac_34.raw	tissue	prostate
PXD004452-Sample-13	Homo sapiens	prostate	not available	not available	not available	not available	not applicable	not available	not available	not applicable	run 552	ftp://ftp.pride.ebi.ac.uk/pride/data/archive/2017/06/PXD004452/20151008_QE5_UPLC10_DBJ_SA_PROSTATE_Pt3_human_46frac_35.raw	35	AC=MS:1002038;NT=label free sample	NT=Lys-C;AC=MS:1001309	NT=Trypsin;AC=MS:1001251	AC=PRIDE:0000564; NT=High-pH reversed-phase chromatography	NT=Q Exactive;AC=MS:1001911	NT=High-pH reversed-phase chromatography;AC=PRIDE:0000564	NT=Carbamidomethyl;TA=C;AC=UNIMOD:4;MT=fixed	NT=Oxidation;MT=Variable;TA=M;AC=UNIMOD:35	NT=Acetyl;AC=UNIMOD:1;PP=Protein N-term;MT=Variable	NT=Gln->pyro-Glu;TA=E;AC=UNIMOD:27;PP=Any N-term;MT=variable	NT=Gln->pyro-Glu;TA=Q;AC=UNIMOD:28;PP=Any N-term;MT=variable	NT=Phospho;MT=Variable;TA=S,T,Y;AC=UNIMOD:21	AC=MS:1000422;NT=HCD	20 ppm	6 ppm	20151008_QE5_UPLC10_DBJ_SA_PROSTATE_Pt3_human_46frac_35.raw	tissue	prostate
PXD004452-Sample-13	Homo sapiens	prostate	not available	not available	not available	not available	not applicable	not available	not available	not applicable	run 553	ftp://ftp.pride.ebi.ac.uk/pride/data/archive/2017/06/PXD004452/20151008_QE5_UPLC10_DBJ_SA_PROSTATE_Pt3_human_46frac_36.raw	36	AC=MS:1002038;NT=label free sample	NT=Lys-C;AC=MS:1001309	NT=Trypsin;AC=MS:1001251	AC=PRIDE:0000564; NT=High-pH reversed-phase chromatography	NT=Q Exactive;AC=MS:1001911	NT=High-pH reversed-phase chromatography;AC=PRIDE:0000564	NT=Carbamidomethyl;TA=C;AC=UNIMOD:4;MT=fixed	NT=Oxidation;MT=Variable;TA=M;AC=UNIMOD:35	NT=Acetyl;AC=UNIMOD:1;PP=Protein N-term;MT=Variable	NT=Gln->pyro-Glu;TA=E;AC=UNIMOD:27;PP=Any N-term;MT=variable	NT=Gln->pyro-Glu;TA=Q;AC=UNIMOD:28;PP=Any N-term;MT=variable	NT=Phospho;MT=Variable;TA=S,T,Y;AC=UNIMOD:21	AC=MS:1000422;NT=HCD	20 ppm	6 ppm	20151008_QE5_UPLC10_DBJ_SA_PROSTATE_Pt3_human_46frac_36.raw	tissue	prostate
PXD004452-Sample-13	Homo sapiens	prostate	not available	not available	not available	not available	not applicable	not available	not available	not applicable	run 554	ftp://ftp.pride.ebi.ac.uk/pride/data/archive/2017/06/PXD004452/20151008_QE5_UPLC10_DBJ_SA_PROSTATE_Pt3_human_46frac_37.raw	37	AC=MS:1002038;NT=label free sample	NT=Lys-C;AC=MS:1001309	NT=Trypsin;AC=MS:1001251	AC=PRIDE:0000564; NT=High-pH reversed-phase chromatography	NT=Q Exactive;AC=MS:1001911	NT=High-pH reversed-phase chromatography;AC=PRIDE:0000564	NT=Carbamidomethyl;TA=C;AC=UNIMOD:4;MT=fixed	NT=Oxidation;MT=Variable;TA=M;AC=UNIMOD:35	NT=Acetyl;AC=UNIMOD:1;PP=Protein N-term;MT=Variable	NT=Gln->pyro-Glu;TA=E;AC=UNIMOD:27;PP=Any N-term;MT=variable	NT=Gln->pyro-Glu;TA=Q;AC=UNIMOD:28;PP=Any N-term;MT=variable	NT=Phospho;MT=Variable;TA=S,T,Y;AC=UNIMOD:21	AC=MS:1000422;NT=HCD	20 ppm	6 ppm	20151008_QE5_UPLC10_DBJ_SA_PROSTATE_Pt3_human_46frac_37.raw	tissue	prostate
PXD004452-Sample-13	Homo sapiens	prostate	not available	not available	not available	not available	not applicable	not available	not available	not applicable	run 555	ftp://ftp.pride.ebi.ac.uk/pride/data/archive/2017/06/PXD004452/20151008_QE5_UPLC10_DBJ_SA_PROSTATE_Pt3_human_46frac_38.raw	38	AC=MS:1002038;NT=label free sample	NT=Lys-C;AC=MS:1001309	NT=Trypsin;AC=MS:1001251	AC=PRIDE:0000564; NT=High-pH reversed-phase chromatography	NT=Q Exactive;AC=MS:1001911	NT=High-pH reversed-phase chromatography;AC=PRIDE:0000564	NT=Carbamidomethyl;TA=C;AC=UNIMOD:4;MT=fixed	NT=Oxidation;MT=Variable;TA=M;AC=UNIMOD:35	NT=Acetyl;AC=UNIMOD:1;PP=Protein N-term;MT=Variable	NT=Gln->pyro-Glu;TA=E;AC=UNIMOD:27;PP=Any N-term;MT=variable	NT=Gln->pyro-Glu;TA=Q;AC=UNIMOD:28;PP=Any N-term;MT=variable	NT=Phospho;MT=Variable;TA=S,T,Y;AC=UNIMOD:21	AC=MS:1000422;NT=HCD	20 ppm	6 ppm	20151008_QE5_UPLC10_DBJ_SA_PROSTATE_Pt3_human_46frac_38.raw	tissue	prostate
PXD004452-Sample-13	Homo sapiens	prostate	not available	not available	not available	not available	not applicable	not available	not available	not applicable	run 556	ftp://ftp.pride.ebi.ac.uk/pride/data/archive/2017/06/PXD004452/20151008_QE5_UPLC10_DBJ_SA_PROSTATE_Pt3_human_46frac_39.raw	39	AC=MS:1002038;NT=label free sample	NT=Lys-C;AC=MS:1001309	NT=Trypsin;AC=MS:1001251	AC=PRIDE:0000564; NT=High-pH reversed-phase chromatography	NT=Q Exactive;AC=MS:1001911	NT=High-pH reversed-phase chromatography;AC=PRIDE:0000564	NT=Carbamidomethyl;TA=C;AC=UNIMOD:4;MT=fixed	NT=Oxidation;MT=Variable;TA=M;AC=UNIMOD:35	NT=Acetyl;AC=UNIMOD:1;PP=Protein N-term;MT=Variable	NT=Gln->pyro-Glu;TA=E;AC=UNIMOD:27;PP=Any N-term;MT=variable	NT=Gln->pyro-Glu;TA=Q;AC=UNIMOD:28;PP=Any N-term;MT=variable	NT=Phospho;MT=Variable;TA=S,T,Y;AC=UNIMOD:21	AC=MS:1000422;NT=HCD	20 ppm	6 ppm	20151008_QE5_UPLC10_DBJ_SA_PROSTATE_Pt3_human_46frac_39.raw	tissue	prostate
PXD004452-Sample-13	Homo sapiens	prostate	not available	not available	not available	not available	not applicable	not available	not available	not applicable	run 557	ftp://ftp.pride.ebi.ac.uk/pride/data/archive/2017/06/PXD004452/20151008_QE5_UPLC10_DBJ_SA_PROSTATE_Pt3_human_46frac_40.raw	40	AC=MS:1002038;NT=label free sample	NT=Lys-C;AC=MS:1001309	NT=Trypsin;AC=MS:1001251	AC=PRIDE:0000564; NT=High-pH reversed-phase chromatography	NT=Q Exactive;AC=MS:1001911	NT=High-pH reversed-phase chromatography;AC=PRIDE:0000564	NT=Carbamidomethyl;TA=C;AC=UNIMOD:4;MT=fixed	NT=Oxidation;MT=Variable;TA=M;AC=UNIMOD:35	NT=Acetyl;AC=UNIMOD:1;PP=Protein N-term;MT=Variable	NT=Gln->pyro-Glu;TA=E;AC=UNIMOD:27;PP=Any N-term;MT=variable	NT=Gln->pyro-Glu;TA=Q;AC=UNIMOD:28;PP=Any N-term;MT=variable	NT=Phospho;MT=Variable;TA=S,T,Y;AC=UNIMOD:21	AC=MS:1000422;NT=HCD	20 ppm	6 ppm	20151008_QE5_UPLC10_DBJ_SA_PROSTATE_Pt3_human_46frac_40.raw	tissue	prostate
PXD004452-Sample-13	Homo sapiens	prostate	not available	not available	not available	not available	not applicable	not available	not available	not applicable	run 558	ftp://ftp.pride.ebi.ac.uk/pride/data/archive/2017/06/PXD004452/20151008_QE5_UPLC10_DBJ_SA_PROSTATE_Pt3_human_46frac_41.raw	41	AC=MS:1002038;NT=label free sample	NT=Lys-C;AC=MS:1001309	NT=Trypsin;AC=MS:1001251	AC=PRIDE:0000564; NT=High-pH reversed-phase chromatography	NT=Q Exactive;AC=MS:1001911	NT=High-pH reversed-phase chromatography;AC=PRIDE:0000564	NT=Carbamidomethyl;TA=C;AC=UNIMOD:4;MT=fixed	NT=Oxidation;MT=Variable;TA=M;AC=UNIMOD:35	NT=Acetyl;AC=UNIMOD:1;PP=Protein N-term;MT=Variable	NT=Gln->pyro-Glu;TA=E;AC=UNIMOD:27;PP=Any N-term;MT=variable	NT=Gln->pyro-Glu;TA=Q;AC=UNIMOD:28;PP=Any N-term;MT=variable	NT=Phospho;MT=Variable;TA=S,T,Y;AC=UNIMOD:21	AC=MS:1000422;NT=HCD	20 ppm	6 ppm	20151008_QE5_UPLC10_DBJ_SA_PROSTATE_Pt3_human_46frac_41.raw	tissue	prostate
PXD004452-Sample-13	Homo sapiens	prostate	not available	not available	not available	not available	not applicable	not available	not available	not applicable	run 559	ftp://ftp.pride.ebi.ac.uk/pride/data/archive/2017/06/PXD004452/20151008_QE5_UPLC10_DBJ_SA_PROSTATE_Pt3_human_46frac_42.raw	42	AC=MS:1002038;NT=label free sample	NT=Lys-C;AC=MS:1001309	NT=Trypsin;AC=MS:1001251	AC=PRIDE:0000564; NT=High-pH reversed-phase chromatography	NT=Q Exactive;AC=MS:1001911	NT=High-pH reversed-phase chromatography;AC=PRIDE:0000564	NT=Carbamidomethyl;TA=C;AC=UNIMOD:4;MT=fixed	NT=Oxidation;MT=Variable;TA=M;AC=UNIMOD:35	NT=Acetyl;AC=UNIMOD:1;PP=Protein N-term;MT=Variable	NT=Gln->pyro-Glu;TA=E;AC=UNIMOD:27;PP=Any N-term;MT=variable	NT=Gln->pyro-Glu;TA=Q;AC=UNIMOD:28;PP=Any N-term;MT=variable	NT=Phospho;MT=Variable;TA=S,T,Y;AC=UNIMOD:21	AC=MS:1000422;NT=HCD	20 ppm	6 ppm	20151008_QE5_UPLC10_DBJ_SA_PROSTATE_Pt3_human_46frac_42.raw	tissue	prostate
PXD004452-Sample-13	Homo sapiens	prostate	not available	not available	not available	not available	not applicable	not available	not available	not applicable	run 560	ftp://ftp.pride.ebi.ac.uk/pride/data/archive/2017/06/PXD004452/20151008_QE5_UPLC10_DBJ_SA_PROSTATE_Pt3_human_46frac_43.raw	43	AC=MS:1002038;NT=label free sample	NT=Lys-C;AC=MS:1001309	NT=Trypsin;AC=MS:1001251	AC=PRIDE:0000564; NT=High-pH reversed-phase chromatography	NT=Q Exactive;AC=MS:1001911	NT=High-pH reversed-phase chromatography;AC=PRIDE:0000564	NT=Carbamidomethyl;TA=C;AC=UNIMOD:4;MT=fixed	NT=Oxidation;MT=Variable;TA=M;AC=UNIMOD:35	NT=Acetyl;AC=UNIMOD:1;PP=Protein N-term;MT=Variable	NT=Gln->pyro-Glu;TA=E;AC=UNIMOD:27;PP=Any N-term;MT=variable	NT=Gln->pyro-Glu;TA=Q;AC=UNIMOD:28;PP=Any N-term;MT=variable	NT=Phospho;MT=Variable;TA=S,T,Y;AC=UNIMOD:21	AC=MS:1000422;NT=HCD	20 ppm	6 ppm	20151008_QE5_UPLC10_DBJ_SA_PROSTATE_Pt3_human_46frac_43.raw	tissue	prostate
PXD004452-Sample-13	Homo sapiens	prostate	not available	not available	not available	not available	not applicable	not available	not available	not applicable	run 561	ftp://ftp.pride.ebi.ac.uk/pride/data/archive/2017/06/PXD004452/20151008_QE5_UPLC10_DBJ_SA_PROSTATE_Pt3_human_46frac_44.raw	44	AC=MS:1002038;NT=label free sample	NT=Lys-C;AC=MS:1001309	NT=Trypsin;AC=MS:1001251	AC=PRIDE:0000564; NT=High-pH reversed-phase chromatography	NT=Q Exactive;AC=MS:1001911	NT=High-pH reversed-phase chromatography;AC=PRIDE:0000564	NT=Carbamidomethyl;TA=C;AC=UNIMOD:4;MT=fixed	NT=Oxidation;MT=Variable;TA=M;AC=UNIMOD:35	NT=Acetyl;AC=UNIMOD:1;PP=Protein N-term;MT=Variable	NT=Gln->pyro-Glu;TA=E;AC=UNIMOD:27;PP=Any N-term;MT=variable	NT=Gln->pyro-Glu;TA=Q;AC=UNIMOD:28;PP=Any N-term;MT=variable	NT=Phospho;MT=Variable;TA=S,T,Y;AC=UNIMOD:21	AC=MS:1000422;NT=HCD	20 ppm	6 ppm	20151008_QE5_UPLC10_DBJ_SA_PROSTATE_Pt3_human_46frac_44.raw	tissue	prostate
PXD004452-Sample-13	Homo sapiens	prostate	not available	not available	not available	not available	not applicable	not available	not available	not applicable	run 562	ftp://ftp.pride.ebi.ac.uk/pride/data/archive/2017/06/PXD004452/20151008_QE5_UPLC10_DBJ_SA_PROSTATE_Pt3_human_46frac_45.raw	45	AC=MS:1002038;NT=label free sample	NT=Lys-C;AC=MS:1001309	NT=Trypsin;AC=MS:1001251	AC=PRIDE:0000564; NT=High-pH reversed-phase chromatography	NT=Q Exactive;AC=MS:1001911	NT=High-pH reversed-phase chromatography;AC=PRIDE:0000564	NT=Carbamidomethyl;TA=C;AC=UNIMOD:4;MT=fixed	NT=Oxidation;MT=Variable;TA=M;AC=UNIMOD:35	NT=Acetyl;AC=UNIMOD:1;PP=Protein N-term;MT=Variable	NT=Gln->pyro-Glu;TA=E;AC=UNIMOD:27;PP=Any N-term;MT=variable	NT=Gln->pyro-Glu;TA=Q;AC=UNIMOD:28;PP=Any N-term;MT=variable	NT=Phospho;MT=Variable;TA=S,T,Y;AC=UNIMOD:21	AC=MS:1000422;NT=HCD	20 ppm	6 ppm	20151008_QE5_UPLC10_DBJ_SA_PROSTATE_Pt3_human_46frac_45.raw	tissue	prostate
PXD004452-Sample-13	Homo sapiens	prostate	not available	not available	not available	not available	not applicable	not available	not available	not applicable	run 563	ftp://ftp.pride.ebi.ac.uk/pride/data/archive/2017/06/PXD004452/20151008_QE5_UPLC10_DBJ_SA_PROSTATE_Pt3_human_46frac_46.raw	46	AC=MS:1002038;NT=label free sample	NT=Lys-C;AC=MS:1001309	NT=Trypsin;AC=MS:1001251	AC=PRIDE:0000564; NT=High-pH reversed-phase chromatography	NT=Q Exactive;AC=MS:1001911	NT=High-pH reversed-phase chromatography;AC=PRIDE:0000564	NT=Carbamidomethyl;TA=C;AC=UNIMOD:4;MT=fixed	NT=Oxidation;MT=Variable;TA=M;AC=UNIMOD:35	NT=Acetyl;AC=UNIMOD:1;PP=Protein N-term;MT=Variable	NT=Gln->pyro-Glu;TA=E;AC=UNIMOD:27;PP=Any N-term;MT=variable	NT=Gln->pyro-Glu;TA=Q;AC=UNIMOD:28;PP=Any N-term;MT=variable	NT=Phospho;MT=Variable;TA=S,T,Y;AC=UNIMOD:21	AC=MS:1000422;NT=HCD	20 ppm	6 ppm	20151008_QE5_UPLC10_DBJ_SA_PROSTATE_Pt3_human_46frac_46.raw	tissue	prostate
